adult,backdrop_path,genre_ids,id,original_language,original_title,overview,popularity,poster_path,release_date,title,video,vote_average,vote_count
False,/tElnmtQ6yz1PjN1kePNl8yMSb59.jpg,"[16, 12, 10751, 35]",1241982,en,Moana 2,"After receiving an unexpected call from her wayfinding ancestors, Moana journeys alongside Maui and a new crew to the far seas of Oceania and into dangerous, long-lost waters for an adventure unlike anything she's ever faced.",5466.535,/yh64qw9mgXBvlaWDi7Q9tpUBAvH.jpg,2024-11-27,Moana 2,False,6.951,338
False,/3V4kLQg0kSqPLctI5ziYWabAZYF.jpg,"[878, 28, 12]",912649,en,Venom: The Last Dance,"Eddie and Venom are on the run. Hunted by both of their worlds and with the net closing in, the duo are forced into a devastating decision that will bring the curtains down on Venom and Eddie's last dance.",4932.834,/aosm8NMQ3UyoBVpSxyimorCQykC.jpg,2024-10-22,Venom: The Last Dance,False,6.427,988
False,/au3o84ub27qTZiMiEc9UYzN74V3.jpg,"[28, 878, 53]",1035048,en,Elevation,A single father and two women venture from the safety of their homes to face monstrous creatures to save the life of a young boy.,2596.571,/uQhYBxOVFU6s9agD49FnGHwJqG5.jpg,2024-11-07,Elevation,False,6.262,100
False,/h3fwlwHotd3JfV13HdW0mxDcxPD.jpg,"[35, 10749, 10770]",957119,en,Sidelined: The QB and Me,"Dallas, a burdened but headstrong dancer, is determined to get into the best dance school in the country—her late mother’s alma mater. However, that dream is suddenly derailed when the cheeky yet secretly grieving football star, Drayton, crashes into her life with a unique story of his own. Will the two of them be able to grow into their dreams together, or will their dreams be sidelined?",1906.126,/f8H9sLin46B7ka4DEqjemGuiCOB.jpg,2024-11-29,Sidelined: The QB and Me,False,6.8,46
False,/nOoGIymGBNtA7AEN0B6nshSEQ1p.jpg,"[28, 80, 53]",974453,en,Absolution,"An aging ex-boxer gangster working as muscle for a Boston crime boss receives an upsetting diagnosis.  Despite a faltering memory, he attempts to rectify the sins of his past and reconnect with his estranged children. He is determined to leave a positive legacy for his grandson, but the criminal underworld isn’t done with him and won’t loosen their grip willingly.",1478.479,/cNtAslrDhk1i3IOZ16vF7df6lMy.jpg,2024-10-31,Absolution,False,6.1,105
False,/evFChfYeD2LqobEJf8iQsrYcGTw.jpg,"[28, 80, 53]",1182387,en,Armor,"Armored truck security guard James Brody is working with his son Casey transporting millions of dollars between banks when a team of thieves led by Rook orchestrate a takeover of their truck to seize the riches. Following a violent car chase, Rook soon has the armored truck surrounded and James and Casey find themselves cornered onto a decrepit bridge.",1457.857,/pnXLFioDeftqjlCVlRmXvIdMsdP.jpg,2024-10-30,Armor,False,5.5,45
False,/fSSCsemHjUJzLrr3Trp72Oa5Dj0.jpg,"[16, 9648, 878, 28]",1299652,en,Watchmen: Chapter II,"Suspicious of the events ensnaring their former colleagues, Nite Owl and Silk Spectre are spurred out of retirement to investigate. As they grapple with personal ethics, inner demons and a society turned against them, they race the clock to uncover a deepening plot that might trigger global nuclear war.",1294.868,/4rBObJFpiWJOG7aIlRrOUniAkBs.jpg,2024-11-25,Watchmen: Chapter II,False,7.4,23
False,/euYIwmwkmz95mnXvufEmbL6ovhZ.jpg,"[28, 12, 36]",558449,en,Gladiator II,"Years after witnessing the death of the revered hero Maximus at the hands of his uncle, Lucius is forced to enter the Colosseum after his home is conquered by the tyrannical Emperors who now lead Rome with an iron fist. With rage in his heart and the future of the Empire at stake, Lucius must look to his past to find strength and honor to return the glory of Rome to its people.",1155.834,/2cxhvwyEwRlysAmRH4iodkvo0z5.jpg,2024-11-13,Gladiator II,False,6.651,935
False,/mQZJoIhTEkNhCYAqcHrQqhENLdu.jpg,"[16, 878, 10751]",1184918,en,The Wild Robot,"After a shipwreck, an intelligent robot called Roz is stranded on an uninhabited island. To survive the harsh environment, Roz bonds with the island's animals and cares for an orphaned baby goose.",1145.825,/wTnV3PCVW5O92JMrFvvrRcV39RU.jpg,2024-09-12,The Wild Robot,False,8.4,3307
False,/uKb22E0nlzr914bA9KyA5CVCOlV.jpg,"[18, 14, 10749]",402431,en,Wicked,"In the land of Oz, ostracized and misunderstood green-skinned Elphaba is forced to share a room with the popular aristocrat Glinda at Shiz University, and the two's unlikely friendship is tested as they begin to fulfill their respective destinies as Glinda the Good and the Wicked Witch of the West.",995.423,/xDGbZ0JJ3mYaGKy4Nzd9Kph6M9L.jpg,2024-11-20,Wicked,False,7.586,409
False,/iR79ciqhtaZ9BE7YFA1HpCHQgX4.jpg,"[27, 9648]",1100782,en,Smile 2,"About to embark on a new world tour, global pop sensation Skye Riley begins experiencing increasingly terrifying and inexplicable events. Overwhelmed by the escalating horrors and the pressures of fame, Skye is forced to face her dark past to regain control of her life before it spirals out of control.",933.02,/ht8Uv9QPv9y7K0RvUyJIaXOZTfd.jpg,2024-10-16,Smile 2,False,6.585,840
False,/dvBCdCohwWbsP5qAaglOXagDMtk.jpg,"[28, 35, 878]",533535,en,Deadpool & Wolverine,"A listless Wade Wilson toils away in civilian life with his days as the morally flexible mercenary, Deadpool, behind him. But when his homeworld faces an existential threat, Wade must reluctantly suit-up again with an even more reluctant Wolverine.",880.666,/8cdWjvZQUExUUTzyp4t6EDMubfO.jpg,2024-07-24,Deadpool & Wolverine,False,7.678,5783
False,/18TSJF1WLA4CkymvVUcKDBwUJ9F.jpg,"[27, 53]",1034541,en,Terrifier 3,"Five years after surviving Art the Clown's Halloween massacre, Sienna and Jonathan are still struggling to rebuild their shattered lives. As the holiday season approaches, they try to embrace the Christmas spirit and leave the horrors of the past behind. But just when they think they're safe, Art returns, determined to turn their holiday cheer into a new nightmare. The festive season quickly unravels as Art unleashes his twisted brand of terror, proving that no holiday is safe.",869.462,/63xYQj1BwRFielxsBDXvHIJyXVm.jpg,2024-10-09,Terrifier 3,False,6.9,1187
False,/2fxnTXr8NwyTFkunkimJkGkhqfy.jpg,"[18, 28, 27]",1118031,es,Apocalipsis Z: el principio del fin,"When a kind of rabies that transforms people into aggressive creatures spreads across the planet, Manel isolates himself at home with his cat, relying on his wits to survive; but soon they must go out in search of food, by land and by sea, dodging many dangers.",831.163,/wIGJnIFQlESkC2rLpfA8EDHqk4g.jpg,2024-10-04,Apocalypse Z: The Beginning of the End,False,6.841,656
False,/p5ozvmdgsmbWe0H8Xk7Rc8SCwAB.jpg,"[16, 12, 35, 18, 10751]",1022789,en,Inside Out 2,"Teenager Riley's mind headquarters is undergoing a sudden demolition to make room for something entirely unexpected: new Emotions! Joy, Sadness, Anger, Fear and Disgust, who’ve long been running a successful operation by all accounts, aren’t sure how to feel when Anxiety shows up. And it looks like she’s not alone.",777.574,/vpnVM9B6NMmQpWeZvzLvDESb2QY.jpg,2024-06-11,Inside Out 2,False,7.579,4906
False,/liuBLPXvisMRo5w2JEKHXceWq5u.jpg,"[28, 80, 18]",1171640,fr,GTMAX,"When a notorious gang of bikers recruits her brother for a heist, a former motocross champion must face her deepest fears to keep her family safe.",765.32,/bx92hl70NUhojjO3eV6LqKllj4L.jpg,2024-11-19,GTMAX,False,6.008,66
False,/rOmUuQEZfPXglwFs5ELLLUDKodL.jpg,"[28, 35, 14]",845781,en,Red One,"After Santa Claus (codename: Red One) is kidnapped, the North Pole's Head of Security must team up with the world's most infamous bounty hunter in a globe-trotting, action-packed mission to save Christmas.",762.787,/cdqLnri3NEGcmfnqwk2TSIYtddg.jpg,2024-10-31,Red One,False,6.627,213
False,/7h6TqPB3ESmjuVbxCxAeB1c9OB1.jpg,"[27, 878, 53]",933260,en,The Substance,"A fading celebrity decides to use a black market drug, a cell-replicating substance that temporarily creates a younger, better version of herself.",739.446,/lqoMzCcZYEFK729d6qzt349fB4o.jpg,2024-09-07,The Substance,False,7.3,2390
False,/iJaSpQNZ8GsqVDWfbCXmyZQXZ5l.jpg,"[27, 878]",945961,en,Alien: Romulus,"While scavenging the deep ends of a derelict space station, a group of young space colonizers come face to face with the most terrifying life form in the universe.",710.489,/b33nnKl1GSFbao4l3fZDDqsMx0F.jpg,2024-08-13,Alien: Romulus,False,7.239,2545
False,,"[10749, 18]",1252309,es,Pídeme lo que quieras,"After his father's death, Eric Zimmerman travels to Spain to oversee his company's branches. In Madrid, he falls for Judith and engage in an intense, erotic relationship full of exploration. However, Eric fears his secret may end their affair.",675.006,/76qnVxU2rPdVvipBN3DPQH6fVYB.jpg,2024-11-29,Pídeme lo que quieras,False,8.2,2
False,/kyVcNF6GRthdiT4oZn5XgJtl0F7.jpg,"[28, 80]",1233327,te,మట్కా,"Set between the years 1958 and 1982, Matka tells the story of Vasu, who rises from poverty to create a powerful gambling empire in India, ultimately leading the nation into a battle with the government. Based on real events, the tale explores themes of love, moral choices, and the consequences of ambition.",647.317,/jrHIKDq9xvKJhYBDvYwmAfs8qvr.jpg,2024-11-14,Matka,False,5.7,7
False,/uMXVeVL2v57lMv6pqBmegDHHPqz.jpg,"[16, 878, 12, 10751]",698687,en,Transformers One,"The untold origin story of Optimus Prime and Megatron, better known as sworn enemies, but once were friends bonded like brothers who changed the fate of Cybertron forever.",625.48,/qbkAqmmEIZfrCO8ZQAuIuVMlWoV.jpg,2024-09-11,Transformers One,False,8.113,826
False,/n4ycOGj2tRLfINTJQ3wl0vNYqpR.jpg,"[16, 14, 10751, 12, 35]",592983,en,Spellbound,"When a powerful spell turns her parents into giant monsters, a teenage princess must journey into the wild to reverse the curse before it's too late.",612.186,/xFSIygDiX70Esp9dheCgGX0Nj77.jpg,2024-11-22,Spellbound,False,6.8,127
False,/kwXycPsLA6SV3KUOagn343TtMOf.jpg,"[28, 878, 53]",791042,en,Levels,"After witnessing his girlfriend's murder, a man risks everything - including reality itself - to discover the truth.",607.616,/y1xm0jMIlx9Oo2a3jWNyLGm43sJ.jpg,2024-11-01,Levels,False,5.7,36
False,/5O0mkQGfOQM4OktFOCep9YmXK79.jpg,"[28, 878, 53, 35, 27]",995803,en,Arena Wars,"In 2045 convicted criminals are given the opportunity to compete on the world's #1 televised sporting event, Arena Wars. They must survive 7 rooms and 7 of the most vicious killers in the country. If they win, they regain their freedom.",598.83,/4dRtXjk1rcsZlaMJpBn6Nh9cTfO.jpg,2024-06-25,Arena Wars,False,5.362,29
False,/lgkPzcOSnTvjeMnuFzozRO5HHw1.jpg,"[16, 10751, 35, 28]",519182,en,Despicable Me 4,"Gru and Lucy and their girls—Margo, Edith and Agnes—welcome a new member to the Gru family, Gru Jr., who is intent on tormenting his dad. Gru also faces a new nemesis in Maxime Le Mal and his femme fatale girlfriend Valentina, forcing the family to go on the run.",592.285,/wWba3TaojhK7NdycRhoQpsG0FaH.jpg,2024-06-20,Despicable Me 4,False,7.1,2264
False,/r4Xn4eWOyxye8m3dR80I8TPhfE5.jpg,"[28, 80, 18]",1326059,es,Pimpinero: Sangre y gasolina,"When Juan, a young gasoline smuggler, is forced to work for a mysterious organization in the desert bordering Colombia and Venezuela, his girlfriend Diana embarks on a journey to uncover the secrets that inhabit this no-man’s-land.",583.315,/kukotsflOSVGXQezuXohj41dbfL.jpg,2024-10-10,Pimpinero: Blood and Oil,False,7.096,26
False,,"[12, 35, 10751, 14]",1108427,en,Moana,"In Ancient Polynesia, when a terrible curse incurred by Maui reaches the island of an impetuous Chieftain, his willful daughter answers the Ocean's call to seek out the demigod to set things right.  Live-action adaptation of the 2016 Disney animated film 'Moana'",556.349,/ys0jZr0quHERDUEoCboGQEKPvgQ.jpg,2026-07-09,Moana,False,0.0,0
False,/5NGeHV2z8EByT3P23D471nSPjGS.jpg,"[53, 27, 80, 9648]",1084863,fr,Le Mangeur d'âmes,"When the disappearance of children and bloody murders multiply in a small mountain village, an old legend shrouded in sulphur reappears... Commander Guardiano and Captain of the Gendarmerie De Rolan are forced to join forces to uncover the truth.",470.384,/8XsQVmGQukwIVDM88Aa0C7L5hCp.jpg,2024-04-24,The Soul Eater,False,6.3,78
False,/cBTwQKMd7Vn6rGTGBtoFLIfj7uM.jpg,"[16, 12, 28, 14]",1147416,fr,"Miraculous World : Londres, la course contre le temps","To save the future from a terrible fate, Marinette becomes Chronobug and teams up with Bunnyx to defeat a mysterious opponent who travels through time. Who is this new supervillain, and why are they obsessed with exposing Marinette's secret superhero identity? Marinette's only hope is to defeat her new opponent to prevent the end of Ladybug and time itself!",470.081,/6AtoMpHvs9pxd30KsyK8QmJ9W9M.jpg,2024-11-14,"Miraculous World, London: At the Edge of Time",False,8.267,16
False,/djo5TTvyWK2b28QLi0FfMXu5nU3.jpg,"[35, 14, 27]",1097870,en,Dear Santa,"Likeable 6th grader Liam writes to Santa asking him to prove that he's real. But Liam is dyslexic and accidentally sends his letter to Satan instead, who shows up at Liam's house, excited to have his first fanboy letter and wanting a little of Liam's soul.",466.854,/fRbDHbGBXg6kwQYr3CRYeKPJW5q.jpg,2024-11-24,Dear Santa,False,6.734,77
False,/5PuM2lWFRVLZbyzErGVd8qHi55p.jpg,"[27, 53, 28]",1165466,en,Wake Up,"A group of young activists set out to make an environmental statement by vandalizing a home superstore as it closes. But their plan goes terribly wrong when they become trapped inside and must face a deranged security guard with a gruesome passion for primitive hunting. As the night fills with violence and terror, the teenagers find themselves in a desperate fight for their lives.",458.115,/erEAU7ygq2XFjziI3FpAdMajJFZ.jpg,2024-05-08,Wake Up,False,7.3,65
False,/27FRFe8lu1C1LStWmzwOa87vo98.jpg,"[18, 9648, 27]",173705,ja,女教師 生徒の眼の前で,"The lovely Reiko has taken a new teaching job at a creepy old high school.  She is an extremely attractive woman and the young students in her class have fallen for her.  One night, after tennis practice, she is brutally assaulted in the locker room shower by a man with a stocking over his face.  Left on the floor naked and in shock, she discovers a single puzzle piece left behind by the crazed man.  A few days later, a pair of students enact a perverted sexual revenge on Reiko for kicking someone off the tennis team.  Could one of these students be the man who brutalized her in the locker room?  Who owns the strange puzzle piece?  As the mystery unfolds, Reiko must come to terms with her own sexual urges and fate.",453.679,/ilMXOocCCwPWCcDLLa6M0ga8vWt.jpg,1982-04-09,Female Teacher: In Front of the Students,False,6.6,17
False,/1FBHAQnq7Bs3djBmaNkfdVbnCUE.jpg,"[28, 53]",1124641,en,Classified,"Operating alone in the field for more than 20 years, a CIA hitman uses the ""Help Wanted"" section of the newspapers to get his orders from the Agency. His long-lost daughter, now a UK MI6 analyst, tracks him down to deliver shocking news: his CIA boss has been dead for years and the division long since shut down. Together, they set out to discover whose orders he's been executing.",422.543,/3k8jv1kSAAc0rCfFGtWDDQL4dfK.jpg,2024-09-19,Classified,False,5.9,90
False,/VuukZLgaCrho2Ar8Scl9HtV3yD.jpg,"[878, 28]",335983,en,Venom,"Investigative journalist Eddie Brock attempts a comeback following a scandal, but accidentally becomes the host of Venom, a violent, super powerful alien symbiote. Soon, he must rely on his newfound powers to protect the world from a shadowy organization looking for a symbiote of their own.",416.916,/2uNW4WbgBXL25BAbXGLnLqX71Sw.jpg,2018-09-28,Venom,False,6.834,16050
False,/uLqNGzJwnj8JKkKuRM2dHWJKCtc.jpg,"[28, 27, 53]",1029235,en,Azrael,"In a world where no one speaks, a devout female hunts down a young woman who has escaped her imprisonment. Recaptured by its ruthless leaders, Azrael is due to be sacrificed to pacify an ancient evil deep within the surrounding wilderness.",414.586,/qpdFKDvJS7oLKTcBLXOaMwUESbs.jpg,2024-09-27,Azrael,False,6.1,140
False,/lntyt4OVDbcxA1l7LtwITbrD3FI.jpg,"[10749, 18]",1010581,es,Culpa mía,"Noah must leave her city, boyfriend, and friends to move into William Leister's mansion, the flashy and wealthy husband of her mother Rafaela. As a proud and independent 17 year old, Noah resists living in a mansion surrounded by luxury. However, it is there where she meets Nick, her new stepbrother, and the clash of their strong personalities becomes evident from the very beginning.",411.399,/w46Vw536HwNnEzOa7J24YH9DPRS.jpg,2023-06-08,My Fault,False,7.9,3088
False,/9s9o9RT9Yj6nDuRJjnJm78WFoFl.jpg,"[28, 27, 53, 878]",1051896,en,Arcadian,"In the near future, on a decimated Earth, Paul and his twin sons face terror at night when ferocious creatures awaken. When Paul is nearly killed, the boys come up with a plan for survival, using everything their father taught them to keep him alive.",403.692,/spWV1eRzlDxvai8LbxwAWR0Vst4.jpg,2024-04-12,Arcadian,False,6.1,473
False,/4t8IXJF4umwCfbdpeKLvlN3zkKp.jpg,"[10749, 18]",1100099,en,We Live in Time,"An up-and-coming chef and a recent divorcée find their lives forever changed when a chance encounter brings them together, in a decade-spanning, deeply moving romance.",399.676,/oeDNBgnlGF6rnyX1P1K8Vl2f3lW.jpg,2024-10-10,We Live in Time,False,7.56,168
False,/vIgyYkXkg6NC2whRbYjBD7eb3Er.jpg,"[878, 28, 12]",580489,en,Venom: Let There Be Carnage,"After finding a host body in investigative reporter Eddie Brock, the alien symbiote must face a new enemy, Carnage, the alter ego of serial killer Cletus Kasady.",379.055,/1MJNcPZy46hIy2CmSqOeru0yr5C.jpg,2021-09-30,Venom: Let There Be Carnage,False,6.799,10252
False,/v9Du2HC3hlknAvGlWhquRbeifwW.jpg,"[28, 12, 53]",539972,en,Kraven the Hunter,"Kraven Kravinoff's complex relationship with his ruthless gangster father, Nikolai, starts him down a path of vengeance with brutal consequences, motivating him to become not only the greatest hunter in the world, but also one of its most feared.",374.658,/1GvBhRxY6MELDfxFrete6BNhBB5.jpg,2024-12-11,Kraven the Hunter,False,0.0,0
False,/llIXQAndg5kB6SWlp6ouUdO7Zxd.jpg,"[28, 12, 18, 36, 10749, 53]",1084736,fr,Le Comte de Monte-Cristo,"Edmond Dantes becomes the target of a sinister plot and is arrested on his wedding day for a crime he did not commit. After 14 years in the island prison of Château d’If, he manages a daring escape. Now rich beyond his dreams, he assumes the identity of the Count of Monte-Cristo and exacts his revenge on the three men who betrayed him.",366.923,/7O0WDGsa4lBzqv3uaB1tp8UvFK3.jpg,2024-06-28,The Count of Monte-Cristo,False,8.2,937
False,/hkJhGayONXn96CqIRM9GhWKnlCf.jpg,"[28, 12, 16, 14]",1014505,ja,劇場版「オーバーロード」聖王国編,"After twelve years of playing his favorite MMORPG game, Momonga logs in for the last time only to find himself transported into its world playing it indefinitely. Throughout his adventures, his avatar ascends to the title of Sorcerer King Ains Ooal Gown. Once prosperous but now on the brink of ruin, The Sacred Kingdom enjoyed years of peace after construction of an enormous wall protecting them from neighboring invasions. But, one day this comes to an end when the Demon Emperor Jaldabaoth arrives with an army of villainous demi-humans. Fearing invasion of their own lands, the neighboring territory of the Slane Theocracy is forced to beg their enemies at the Sorcerer Kingdom for help. Heeding the call, Momonga, now known as the Sorcerer King Ains Ooal Gown, rallies the Sorcerer Kingdom and its undead army to join the fight alongside the Sacred Kingdom and the Slane Theocracy in hopes to defeat the Demon Emperor.",359.341,/jEvytxNa5mfW7VAUmDWsZtIdATc.jpg,2024-09-20,OVERLORD: The Sacred Kingdom,False,7.9,21
False,,"[10749, 18]",482600,ko,일본 엄마,"""Innocent face, D-cup breasts and perfect intercourse skills! Son, this is not your girlfriend anymore but your mother!""  Ki-ho brings Yuki from Japan to marry her. However, he starts cheating on her with his ex-girlfriend in Korea.  Min-cheol comforted Yuki and thought of her as his daughter-in-law, but one day he realizes he is looking at her as a woman.  In the end, Yuki and Min-cheol have intercourse without Ki-ho knowing...",358.755,/hq1EaYIqUNrPM3QFYAbnH2UHoX8.jpg,2017-02-09,Japanese Mom,False,6.179,28
False,/5tqkP8NNWdteskVBYPRXE6h82ts.jpg,[18],592695,sv,Pleasure,"19 year old Linnéa leaves her small town in Sweden and heads for Los Angeles with the aim of becoming the world's next big porn star, but the road to her goal turns out to be bumpier than she imagined.",347.322,/7Z2K08J0WantJHNa0vLTOmii41l.jpg,2021-10-08,Pleasure,False,6.226,554
False,/csQSGH0QU8D3Ov5YLEYuHep8ihA.jpg,"[53, 12, 28, 878]",1196470,fr,Survivre,A couple celebrates their son’s birthday in the middle of the ocean on their boat. A violent storm hits and it brings up hungry creatures from the depths and they fight for their survival.,345.159,/7fR3KxswtY8OHHZuOUB9td58CRX.jpg,2024-06-19,Survive,False,5.9,72
False,/vSBnSdEllJPMBniDh1eSqNHS5Mk.jpg,"[28, 53]",1331375,en,Dominique,"Dominique, a well-trained assassin, flees from her troubled past in an attempt to begin a new life in South America. However, she soon finds herself in a town plagued with violence and corruption. Facing brutal attacks from the police and mafia, Dominique must decide whether to protect herself or an innocent family that has taken her in.",343.252,/jvug7Esd89yNLJwGvUfeQ9j69cE.jpg,2024-10-11,Dominique,False,7.5,62
False,/2NPhBHfzhEmXl8csQ2dKmoxfj5e.jpg,"[80, 53, 28]",972614,en,Knox Goes Away,"A contract killer, after being diagnosed with a fast-moving form of dementia, is presented with the opportunity to redeem himself by saving the life of his estranged adult son. But to do so, he must race against the police closing in on him as well as the ticking clock of his own rapidly deteriorating mind.",342.382,/w39qKYjltCix18BwtoZ1e45usdb.jpg,2024-03-15,Knox Goes Away,False,6.9,268
False,/a5OqX7uXb8MI0WB3HbCyA0Wn3gI.jpg,"[10749, 35, 18]",1234811,en,Our Little Secret,"After discovering their significant others are siblings, two resentful exes must spend Christmas under one roof — while hiding their romantic history.",336.037,/7isqmWUryG2xksrw0E75m3vYTFd.jpg,2024-11-27,Our Little Secret,False,6.431,195
False,/pjHpobTyiHPO5OTbfi9DHyynKHp.jpg,"[14, 10751, 12, 18]",1365044,no,Snøsøsteren,"A young boy whose grieving family has forgotten about Christmas forms an unexpected, healing bond with a bubbly girl full of holiday spirit.",319.964,/2fTfJ6r53crzkTTSQurGoX1baSD.jpg,2024-11-28,The Snow Sister,False,6.7,14
False,/6VoxDupaW2VXfLtJyeOoGCgXSjD.jpg,"[28, 53]",1116490,en,Cash Out,"Criminal mastermind Mason is about to execute the score of a lifetime when his lover and key member of his crew, Decker, takes the team down and reveals she’s an undercover Interpol agent. Heartbroken, Mason escapes and retires from the life of crime until his younger brother Shawn is out of his league taking on a big bank heist all on his own. Mason has no choice left but to come to the rescue, while Interpol brings Decker in hoping to unnerve him. Before the SWAT teams storm the bank, Mason must use every tool in his arsenal to not only escape with the prize, but also the love of his life.",319.228,/xBJnIvRdL0nDHgvivr6EgBQizes.jpg,2024-04-26,Cash Out,False,6.3,134
False,/c6nouvFYnmNO50WQDLcKMI3p0jA.jpg,"[12, 10751, 18]",762509,en,Mufasa: The Lion King,"Rafiki relays the legend of Mufasa to lion cub Kiara, daughter of Simba and Nala, with Timon and Pumbaa lending their signature schtick. Told in flashbacks, the story introduces Mufasa as an orphaned cub, lost and alone until he meets a sympathetic lion named Taka—the heir to a royal bloodline. The chance meeting sets in motion a journey of misfits searching for their destiny and working together to evade a threatening and deadly foe.",313.775,/lurEK87kukWNaHd0zYnsi3yzJrs.jpg,2024-12-18,Mufasa: The Lion King,False,0.0,0
False,/tncbMvfV0V07UZozXdBEq4Wu9HH.jpg,"[28, 35]",573435,en,Bad Boys: Ride or Die,"After their late former Captain is framed, Lowrey and Burnett try to clear his name, only to end up on the run themselves.",311.418,/oGythE98MYleE6mZlGs5oBGkux1.jpg,2024-06-05,Bad Boys: Ride or Die,False,7.491,2409
False,/n9Do4rv1Hl3QvQLMmT5w6pBadqq.jpg,"[28, 10749, 18]",1142518,fr,Libre,"Inspired by the true events of one of France's most notorious non-violent robbers, Bruno Sulak, in the 1980s. He led multiple heists, then captured public attention for his many daring escapes from police custody...always to reunite with his beloved lover and accomplice Annie, becoming both France's Public Enemy #1 and an icon of Freedom.",304.795,/b2YL2kncIqlcDcqly78AsOPJi6r.jpg,2024-11-01,Freedom,False,6.6,72
False,/dzY2ZYyPRbXcw8UOupHK3V5VQYk.jpg,[10749],259872,nl,Des jours plus belles que la nuit,"Real-life young couple Wim and Floor spend an afternoon in the sunwashed rooms of a crumbling home in Belgium. In a unique twist, this artistic erotic documentary is edited in nearly real-time. In the slowness, we get the build, the sweetness, and the sexiness. Forget about fingersnapping fast editing. Slow is where it’s at.",300.525,/uCkANtG6ezb7hjRKVudY3PUcbvn.jpg,2010-02-19,Skin. Like. Sun.,False,6.6,21
False,/b3mdmjYTEL70j7nuXATUAD9qgu4.jpg,"[16, 14, 12]",823219,lv,Straume,"A solitary cat, displaced by a great flood, finds refuge on a boat with various species and must navigate the challenges of adapting to a transformed world together.",295.341,/dzDMewC0Hwv01SROiWgKOi4iOc1.jpg,2024-08-29,Flow,False,8.5,352
False,/sy0vo1cmpKqwPRiMUiJ45jyLsX7.jpg,"[10751, 35, 14]",8871,en,How the Grinch Stole Christmas,The Grinch decides to rob Whoville of Christmas - but a dash of kindness from little Cindy Lou Who and her family may be enough to melt his heart...,288.653,/AmUs3hximCKa90sHuIRr5Bz8ci5.jpg,2000-11-17,How the Grinch Stole Christmas,False,6.764,7399
False,/1wP1phHo2CROOqzv7Azs0MT5esU.jpg,"[16, 35, 10751, 12, 28]",748783,en,The Garfield Movie,"Garfield, the world-famous, Monday-hating, lasagna-loving indoor cat, is about to have a wild outdoor adventure! After an unexpected reunion with his long-lost father – scruffy street cat Vic – Garfield and his canine friend Odie are forced from their perfectly pampered life into joining Vic in a hilarious, high-stakes heist.",287.347,/p6AbOJvMQhBmffd0PIv0u8ghWeY.jpg,2024-04-30,The Garfield Movie,False,7.114,1105
False,/sv3clpwOSSZO1c8i9uX4zig6Lzz.jpg,"[53, 80, 9648, 28]",1252470,hi,सिकंदर का मुकद्दर,"After an unsolved diamond heist, a hard-nosed cop’s pursuit of his key suspect turns into obsession, until they finally face each other — and the truth.",285.062,/eWUh4rgxtgypgnOa6uGMnUt01ux.jpg,2024-11-29,Sikandar Ka Muqaddar,False,5.3,6
False,/m1MifWpNjOU1g8UfIyNSI2dMFZf.jpg,"[16, 10751, 35]",1371727,en,Sing: Thriller,"Buster Moon dreams up a star-studded spectacle set to Michael Jackson's ""Thriller"" in this animated short featuring characters from the hit ""Sing"" films.",283.476,/i77OInTKcrnRlAozFOaB6D5mk15.jpg,2024-10-16,Sing: Thriller,False,7.387,111
False,/epQfhIcfqWgrMhRvnxkVm7EeEpE.jpg,"[878, 27]",1125510,es,El hoyo 2,"After a mysterious leader imposes his law in a brutal system of vertical cells, a new arrival battles against a dubious food distribution method.",282.61,/hf94ySIzdP3KwHau9VSWh7b7Qu2.jpg,2024-09-27,The Platform 2,False,5.616,911
False,/co7oxvpWxgd6FZU24DnljDDHYQA.jpg,"[878, 53, 27]",1064028,en,Subservience,"With his wife out sick, a struggling father brings home a lifelike AI, only to have his self-aware new help want everything her new family has to offer... Like the affection of her owner and she'll kill to get it.",281.085,/gBenxR01Uy0Ev9RTIw6dVBPoyQU.jpg,2024-08-15,Subservience,False,6.7,332
False,/2QR0OpYzPFG84EswxENqcPuHmP.jpg,[10752],1041317,en,Battle for the Western Front,"Inspired by Canuck WWI flying ace Billy Bishop, two young soldiers crash the front lines in August 1918. With the Allies detained, their platoon must desperately hold out alongside legendary Anishinaabe sniper Francis ""Peggy"" Pegahmagabow.",278.222,/ooHEL3XyLYu3hus5cMnpjeH4e7A.jpg,2022-10-06,Battle for the Western Front,False,5.6,9
False,/xPVhaMMUZq1yclf4kCEYwJ1Cqr6.jpg,"[27, 53]",1100856,ru,Заклятье. Шепот ведьм,"Mara, an ancient pagan spirit, hunts a group of teenagers taking their body parts to be reborn. A disillusioned and desperate investigator has to face his deepest fears to save the teenagers.",276.597,/raDMchyq3dJMqso2TVh75A123Xb.jpg,2024-06-13,Whisper of the Witch,False,6.8,12
False,/18iGjkavP8KLfyU3Ifkp9s2bSvD.jpg,"[12, 35, 10751, 878]",939243,en,Sonic the Hedgehog 3,"Sonic, Knuckles, and Tails reunite against a powerful new adversary, Shadow, a mysterious villain with powers unlike anything they have faced before. With their abilities outmatched in every way, Team Sonic must seek out an unlikely alliance in hopes of stopping Shadow and protecting the planet.",275.043,/d8Ryb8AunYAuycVKDp5HpdWPKgC.jpg,2024-12-19,Sonic the Hedgehog 3,False,0.0,0
False,/Ar7QuJ7sJEiC0oP3I8fKBKIQD9u.jpg,"[28, 18, 12]",98,en,Gladiator,"After the death of Emperor Marcus Aurelius, his devious son takes power and demotes Maximus, one of Rome's most capable generals who Marcus preferred. Eventually, Maximus is forced to become a gladiator and battle to the death against other men for the amusement of paying audiences.",269.239,/ty8TGRuvJLPUmAR1H1nRIsgwvim.jpg,2000-05-04,Gladiator,False,8.217,18796
False,/Asg2UUwipAdE87MxtJy7SQo08XI.jpg,"[28, 14, 27]",957452,en,The Crow,"Soulmates Eric and Shelly are brutally murdered when the demons of her dark past catch up with them. Given the chance to save his true love by sacrificing himself, Eric sets out to seek merciless revenge on their killers, traversing the worlds of the living and the dead to put the wrong things right.",267.877,/58QT4cPJ2u2TqWZkterDq9q4yxQ.jpg,2024-08-21,The Crow,False,5.9,791
False,/4ZXzO32rKk5bSoDZA6KpTzVJA.jpg,"[16, 14, 28]",839033,en,The Lord of the Rings: The War of the Rohirrim,"183 years before the events chronicled in the original trilogy, a sudden attack by Wulf, a clever and ruthless Dunlending lord seeking vengeance for the death of his father, forces Helm Hammerhand and his people to make a daring last stand in the ancient stronghold of the Hornburg. Finding herself in an increasingly desperate situation, Héra, the daughter of Helm, must summon the will to lead the resistance against a deadly enemy intent on their total destruction.",267.466,/qXKFlGX9n66zd4q0oWztPuvRD9D.jpg,2024-12-05,The Lord of the Rings: The War of the Rohirrim,False,7.9,7
False,/4z88bpDf7aqZcYkLDDEIdj8TfZU.jpg,"[16, 10751, 14, 28]",1011985,en,Kung Fu Panda 4,"Po is gearing up to become the spiritual leader of his Valley of Peace, but also needs someone to take his place as Dragon Warrior. As such, he will train a new kung fu practitioner for the spot and will encounter a villain called the Chameleon who conjures villains from the past.",263.752,/kDp1vUBnMpe8ak4rjgl3cLELqjU.jpg,2024-03-02,Kung Fu Panda 4,False,7.088,2736
False,/wHytVsfAZsVDAcABd6iQGmE2j29.jpg,"[53, 28, 80]",156022,en,The Equalizer,"McCall believes he has put his mysterious past behind him and dedicated himself to beginning a new, quiet life. But when he meets Teri, a young girl under the control of ultra-violent Russian gangsters, he can’t stand idly by – he has to help her. Armed with hidden skills that allow him to serve vengeance against anyone who would brutalize the helpless, McCall comes out of his self-imposed retirement and finds his desire for justice reawakened. If someone has a problem, if the odds are stacked against them, if they have nowhere else to turn, McCall will help. He is The Equalizer.",262.777,/9u4yW7yPA0BQ2pv9XwiNzItwvp8.jpg,2014-09-24,The Equalizer,False,7.28,9014
False,/tCKWksaQI8XkAQLVou0AlGab5S6.jpg,"[28, 878]",1144962,en,Transmorphers: Mech Beasts,"20 years after the events of Transmorphers, a newer, more advanced species of alien robot descends on a rebuilt Earth, threatening once again to destroy the planet.",257.769,/oqhaffnQqSzdLrYAQA5W4IdAoCX.jpg,2023-06-09,Transmorphers: Mech Beasts,False,5.467,30
False,/uGmYqxh8flqkudioyFtD7IJSHxK.jpg,"[18, 80, 53]",889737,en,Joker: Folie à Deux,"While struggling with his dual identity, Arthur Fleck not only stumbles upon true love, but also finds the music that's always been inside him.",257.687,/aciP8Km0waTLXEYf5ybFK5CSUxl.jpg,2024-10-01,Joker: Folie à Deux,False,5.581,1746
False,/wB8HiUiFWo1EsxrdvB6bsMNW81g.jpg,"[28, 80, 53]",1151949,id,The Shadow Strays,"Skilled in the art of killing, a young assassin defies her mentor to save a boy from a ruthless crime syndicate — and she'll destroy anyone in her path.",256.376,/cfkcrKySRyJiIdLo6c6kNSyLFh7.jpg,2024-09-10,The Shadow Strays,False,7.4,156
False,/tkRDTu9hyWgaBSSzfkYDCZYd1kV.jpg,"[53, 18]",974576,en,Conclave,"After the unexpected death of the Pope, Cardinal Lawrence is tasked with managing the covert and ancient ritual of electing a new one. Sequestered in the Vatican with the Catholic Church’s most powerful leaders until the process is complete, Lawrence finds himself at the center of a conspiracy that could lead to its downfall.",253.159,/m5x8D0bZ3eKqIVWZ5y7TnZ2oTVg.jpg,2024-10-25,Conclave,False,6.9,192
False,/5lWIYxYEqWi8j3ZloxXntw3ImBo.jpg,"[16, 10751, 35, 14]",360920,en,The Grinch,The Grinch hatches a scheme to ruin Christmas when the residents of Whoville plan their annual holiday celebration.,252.098,/1Bc9VNd9CIHIyJtPKFqSQzrXWru.jpg,2018-11-08,The Grinch,False,6.9,3925
False,/5IIFJxwRzmkhczQidIhpoaolpZY.jpg,"[28, 53, 80]",976734,en,Canary Black,"Top level CIA agent Avery Graves is blackmailed by terrorists into betraying her own country to save her kidnapped husband. Cut off from her team, she turns to her underworld contacts to survive and help locate the coveted intelligence that the kidnappers want.",251.303,/hhiR6uUbTYYvKoACkdAIQPS5c6f.jpg,2024-10-10,Canary Black,False,6.37,276
False,/nxxCPRGTzxUH8SFMrIsvMmdxHti.jpg,"[35, 14, 10751]",639720,en,IF,"After discovering she can see everyone's imaginary friends, a girl embarks on a magical adventure to reconnect forgotten imaginary friends with their kids.",246.079,/xbKFv4KF3sVYuWKllLlwWDmuZP7.jpg,2024-05-08,IF,False,7.3,1045
False,/xJHokMbljvjADYdit5fK5VQsXEG.jpg,"[12, 18, 878]",157336,en,Interstellar,The adventures of a group of explorers who make use of a newly discovered wormhole to surpass the limitations on human space travel and conquer the vast distances involved in an interstellar voyage.,242.813,/gEU2QniE6E77NI6lCU6MxlNBvIx.jpg,2014-11-05,Interstellar,False,8.443,35726
False,/pAJX9KA8fL0ktVVVKNI5GyVfcWZ.jpg,"[16, 12, 14, 10751]",1355755,en,An Almost Christmas Story,"A young owl meets a lost little girl in New York City. Together, they try to get home for Christmas.",242.562,/mQC3nIJ9DQ74t9vFzUjqP8eohgX.jpg,2024-10-14,An Almost Christmas Story,False,7.7,27
False,/9Qq8InnodUYs8zdam8Zj967i6RO.jpg,"[80, 18]",1106739,en,Juror #2,"While serving as a juror in a high profile murder trial, family man Justin Kemp finds himself struggling with a serious moral dilemma…one he could use to sway the jury verdict and potentially convict—or free—the accused killer.",234.853,/utLESWj433xnIc1ss9TZjRI9SSl.jpg,2024-10-30,Juror #2,False,7.0,480
False,/a3PBAmXUXuazAzr83WNzRaBS33I.jpg,"[27, 53]",978796,en,Bagman,"For centuries and across cultures, parents have warned their children of the legendary Bagman, who snatches innocent children and stuffs them into his vile, rotting bag—never to be seen again. Patrick McKee narrowly escaped such an encounter as a boy, which left him with lasting scars throughout his adulthood. Now, Patrick’s childhood tormentor has returned, threatening the safety of his wife Karina and son Jake.",232.934,/hzrvol8K2VWm2BsDTwb8YvRMzIH.jpg,2024-09-20,Bagman,False,6.205,100
False,/h3KN24PrOheHVYs9ypuOIdFBEpX.jpg,"[16, 10751, 12]",166428,en,How to Train Your Dragon: The Hidden World,"As Hiccup fulfills his dream of creating a peaceful dragon utopia, Toothless’ discovery of an untamed, elusive mate draws the Night Fury away. When danger mounts at home and Hiccup’s reign as village chief is tested, both dragon and rider must make impossible decisions to save their kind.",230.87,/xvx4Yhf0DVH8G4LzNISpMfFBDy2.jpg,2019-01-03,How to Train Your Dragon: The Hidden World,False,7.751,6391
False,/kjby7cr8JnIPkfqMGKutOFrM2at.jpg,"[35, 10751, 12]",772,en,Home Alone 2: Lost in New York,"Instead of flying to Florida with his folks, Kevin ends up alone in New York, where he gets a hotel room with his dad's credit card—despite problems from a clerk and meddling bellboy. But when Kevin runs into his old nemeses, the Wet Bandits, he's determined to foil their plans to rob a toy store on Christmas Eve.",228.374,/uuitWHpJwxD1wruFl2nZHIb4UGN.jpg,1992-11-15,Home Alone 2: Lost in New York,False,6.745,9549
False,/iHYh4cdO8ylA3W0dUxTDVdyJ5G9.jpg,"[878, 12, 28]",653346,en,Kingdom of the Planet of the Apes,"Several generations following Caesar's reign, apes – now the dominant species – live harmoniously while humans have been reduced to living in the shadows. As a new tyrannical ape leader builds his empire, one young ape undertakes a harrowing journey that will cause him to question all he's known about the past and to make choices that will define a future for apes and humans alike.",228.042,/gKkl37BQuKTanygYQG1pyYgLVgf.jpg,2024-05-08,Kingdom of the Planet of the Apes,False,7.115,3260
False,/hd1TvTUGjkoYoqvXYfSBpI5Ri9B.jpg,"[16, 28, 12, 878]",1159311,ja,僕のヒーローアカデミア THE MOVIE ユアネクスト,"In a society devastated by the effects of an all-out war between heroes and villains, a mysterious giant fortress suddenly appears, engulfing towns and people one after another. Then, a man reminiscent of All Might, the 'symbol of peace', stands in front of Izuku and his friends...",226.953,/8rdB1wkheEMMqcY8qLAKjCMPcnZ.jpg,2024-08-02,My Hero Academia: You're Next,False,6.8,62
False,/hU1Q9YVzdYhokr8a9gLywnSUMlN.jpg,"[16, 12, 28, 14, 10751]",1147400,fr,"Miraculous World : Paris, Les Aventures de Toxinelle et Griffe Noire","Miraculous holders from another world appear in Paris. They come from a parallel universe where everything is reversed: the holders of Ladybug and Black Cat Miraculouses, Shadybug and Claw Noir, are the bad guys, and the holder of the Butterfly Miraculous, Hesperia, is a superhero. Ladybug and Cat Noir will have to help Hesperia counter the attacks of their evil doubles and prevent them from seizing the Butterfly's Miraculous. Can our heroes also help Hesperia make Shadybug and Claw Noir better people?",226.868,/7Md3nuV0ZprBTnkdR3OrUCEsrSP.jpg,2023-10-21,"Miraculous World: Paris, Tales of Shadybug and Claw Noir",False,7.214,532
False,/tmvbyMIv56hc03Mtgusj2koFWKj.jpg,"[27, 53]",1138194,en,Heretic,"Two young missionaries are forced to prove their faith when they knock on the wrong door and are greeted by a diabolical Mr. Reed, becoming ensnared in his deadly game of cat-and-mouse.",224.938,/5HJqjCTcaE1TFwnNh3Dn21be2es.jpg,2024-10-31,Heretic,False,7.1,128
False,/veIyxxi5Gs8gvztLEW1Ysb8rrzs.jpg,"[28, 12, 878]",823464,en,Godzilla x Kong: The New Empire,"Following their explosive showdown, Godzilla and Kong must reunite against a colossal undiscovered threat hidden within our world, challenging their very existence – and our own.",224.891,/z1p34vh7dEOnLDmyCrlUVLuoDzd.jpg,2024-03-27,Godzilla x Kong: The New Empire,False,7.1,3847
False,/4XM8DUTQb3lhLemJC51Jx4a2EuA.jpg,"[28, 80, 53]",385687,en,Fast X,"Over many missions and against impossible odds, Dom Toretto and his family have outsmarted, out-nerved and outdriven every foe in their path. Now, they confront the most lethal opponent they've ever faced: A terrifying threat emerging from the shadows of the past who's fueled by blood revenge, and who is determined to shatter this family and destroy everything—and everyone—that Dom loves, forever.",224.045,/fiVW06jE7z9YnO4trhaMEdclSiC.jpg,2023-05-17,Fast X,False,7.1,5594
False,/kF8ljC7Y4p1UsmKBi2LxelZpqw.jpg,"[35, 14, 27]",917496,en,Beetlejuice Beetlejuice,"After a family tragedy, three generations of the Deetz family return home to Winter River. Still haunted by Betelgeuse, Lydia's life is turned upside down when her teenage daughter, Astrid, accidentally opens the portal to the Afterlife.",223.887,/kKgQzkUCnQmeTPkyIwHly2t6ZFI.jpg,2024-09-04,Beetlejuice Beetlejuice,False,7.1,1913
False,/59vDC1BuEQvti24OMr0ZvtAK6R1.jpg,"[14, 12, 16, 10751]",10191,en,How to Train Your Dragon,"As the son of a Viking leader on the cusp of manhood, shy Hiccup Horrendous Haddock III faces a rite of passage: he must kill a dragon to prove his warrior mettle. But after downing a feared dragon, he realizes that he no longer wants to destroy it, and instead befriends the beast – which he names Toothless – much to the chagrin of his warrior father.",223.125,/92olhXYaIX6lvB8jwFz4OSfPaKq.jpg,2010-03-18,How to Train Your Dragon,False,7.833,13013
False,/rXYejcyn762o3cjp9OYfyVR3QpY.jpg,[18],940139,en,Here,"An odyssey through time and memory, centered around a place in New England where—from wilderness, and then, later, from a home—love, loss, struggle, hope and legacy play out between couples and families over generations.",219.28,/79euHUJJtfgeGU63ef38KtNjXEn.jpg,2024-10-30,Here,False,6.5,69
False,/zBG5Mg29NH9xxpWMMG7BIvKwYhL.jpg,"[10749, 18]",829557,pl,365 dni: Ten dzień,"Laura and Massimo are back and hotter than ever. But the reunited couple's new beginning is complicated by Massimo’s family ties and a mysterious man who enters Laura’s life to win her heart and trust, at any cost.",216.184,/7qU0SOVcQ8BTJLodcAlulUAG16C.jpg,2022-04-26,365 Days: This Day,False,5.878,1540
False,/pVUwUheFj5tLfzZg6EiFMasnMME.jpg,"[18, 10749]",1156593,es,Culpa tuya,The love between Noah and Nick seems unwavering despite their parents' attempts to separate them. But his job and her entry into college open up their lives to new relationships that will shake the foundations of both their relationship and the Leister family itself.,214.565,/6kYDG8Imfhph2duBYZeYksHgx7L.jpg,2024-12-26,Culpa Tuya,False,0.0,0
False,/hziiv14OpD73u9gAak4XDDfBKa2.jpg,"[12, 14]",671,en,Harry Potter and the Philosopher's Stone,"Harry Potter has lived under the stairs at his aunt and uncle's house his whole life. But on his 11th birthday, he learns he's a powerful wizard—with a place waiting for him at the Hogwarts School of Witchcraft and Wizardry. As he learns to harness his newfound powers with the help of the school's kindly headmaster, Harry uncovers the truth about his parents' deaths—and about the villain who's to blame.",214.352,/wuMc08IPKEatf9rnMNXvIDxqP4W.jpg,2001-11-16,Harry Potter and the Philosopher's Stone,False,7.909,27448
False,/zAqBIeO71BFL7bAtP5TFzVjVamy.jpg,"[10749, 18]",1079091,en,It Ends with Us,"When a woman's first love suddenly reenters her life, her relationship with a charming, but abusive neurosurgeon is upended, and she realizes she must learn to rely on her own strength to make an impossible choice for her future.",214.246,/cSMdFWmajaX4oUMLx7HEDI84GkP.jpg,2024-08-07,It Ends with Us,False,7.244,1100
False,/aFDYcmwEWRiEh58Ri1tMpCUWPBp.jpg,"[10770, 10751, 35, 27, 16]",1354627,en,SpongeBob Squarepants: Kreepaway Kamp,"While at Kamp Koral for a reunion, SpongeBob and the gang are stalked by a mysterious figure lurking in the shadows as campers start disappearing one by one!",210.658,/blRsgsexoBqnjcEJkV8beKAVT6J.jpg,2024-10-10,SpongeBob Squarepants: Kreepaway Kamp,False,6.966,59
False,/yGjpT94EoeGQQh1vQ1KEXAQnGoB.jpg,"[53, 27]",1063877,en,Don't Move,"A grieving woman in a secluded forest encounters a killer who injects her with a paralytic drug. As her body shuts down, her fight for survival begins.",205.09,/cRDJxdnRb7ikKd6fVJTrGeaL34v.jpg,2024-10-24,Don't Move,False,6.419,567
False,/xSQjJiAYiLdpVU20iSDAQisAVJY.jpg,[27],1287717,es,No entres,"Two working class youtubers ‘in the making’ enter an abandoned mansion to get their basketball back, and get lost inside while pranking each other. They record their ‘quick adventure’ with their phones for their audience, and tweak it with a fake phantom appearance to attract more followers to their YouTube channel. When uploaded the video goes viral, so they start a challenge: if the video reaches a certain number of views, they will enter the house again, at night, alone, totally unprotected. As fans react positively, they will do as promised, not only to discover and unveil the true nature of the place and their inhabitants, but to realize they might not be among the living anymore. Which opens a question - how far would you go to be famous?",202.104,/1iPuEIcybEc9Y6aKJ8BGAnMadFX.jpg,2024-08-06,Do Not Enter,False,7.4,85
False,/zfbjgQE1uSd9wiPTX4VzsLi0rGG.jpg,"[18, 80]",278,en,The Shawshank Redemption,"Imprisoned in the 1940s for the double murder of his wife and her lover, upstanding banker Andy Dufresne begins a new life at the Shawshank prison, where he puts his accounting skills to work for an amoral warden. During his long stretch in prison, Dufresne comes to be admired by the other inmates -- including an older prisoner named Red -- for his integrity and unquenchable sense of hope.",200.465,/9cqNxx0GxF0bflZmeSMuL5tnGzr.jpg,1994-09-23,The Shawshank Redemption,False,8.708,27227
False,/7ks7A3mAO7twDOvBVE4cR8LaIM8.jpg,"[16, 28, 18]",1104844,ja,劇場版ブルーロック -EPISODE 凪-,"""That's a hassle."" That was second-year high schooler Nagi Seishirou's favorite phrase as he lived his dull life. Until Mikage Reo, a classmate who dreamed of winning the World Cup, discovered Nagi's hidden skill, inspiring him to play soccer and share his outstanding talent. One day, Nagi Seishiro receives an invitation to the mysterious Blue Lock Project. What awaits him there is an encounter with the finest strikers assembled from across the country. Nagi's dream of becoming the best, alongside Mikage Reo, will take this prodigy to a world he's never known.",200.071,/ae434jM5NG2kKX1rRkG5giMhpPI.jpg,2024-04-19,BLUE LOCK THE MOVIE -EPISODE NAGI-,False,7.4,111
False,/hPIWQT70wQK6akqfLXByEvr62u0.jpg,"[28, 53, 27, 878]",726139,ko,탈출: 프로젝트 사일런스,"Due to sudden deteriorating weather conditions, visibility on the Airport Bridge is severely impaired, leaving people stranded and at risk of the bridge collapsing due to a series of chain collisions and explosions. Amidst the chaos, the canine subjects ""Echo"" from the military experiment ""Project Silence,"" who were being transported in secret, break free, and all human survivors become targets of relentless attacks.",199.817,/nUKfbKv4RD1YxlsNWd0BwabEf3P.jpg,2024-07-11,Project Silence,False,7.0,248
False,/2KGxQFV9Wp1MshPBf8BuqWUgVAz.jpg,"[16, 28, 12, 35, 10751]",940551,en,Migration,"After a migrating duck family alights on their pond with thrilling tales of far-flung places, the Mallard family embarks on a family road trip, from New England, to New York City, to tropical Jamaica.",198.739,/apQL85BMRgkBWQq6pBXKOLfCyaV.jpg,2023-12-06,Migration,False,7.4,1828
False,/wNAhuOZ3Zf84jCIlrcI6JhgmY5q.jpg,"[28, 878, 12]",786892,en,Furiosa: A Mad Max Saga,"As the world falls, young Furiosa is snatched from the Green Place of Many Mothers into the hands of a great biker horde led by the warlord Dementus. Sweeping through the wasteland, they encounter the citadel presided over by Immortan Joe. The two tyrants wage war for dominance, and Furiosa must survive many trials as she puts together the means to find her way home.",196.418,/iADOJ8Zymht2JPMoy3R7xceZprc.jpg,2024-05-22,Furiosa: A Mad Max Saga,False,7.534,3494
False,/vf7BYmweDLZptuTSjq8Lo044aaj.jpg,"[28, 53]",1094974,en,Take Cover,A burned-out professional sniper finds himself trapped in an all-glass penthouse by a lethal competitor and must find a way to survive and escape with little to no cover between him and the killer.,196.406,/xNLiMNyFzKTL9PVIEulG55Hei8j.jpg,2024-10-04,Take Cover,False,6.9,70
False,/5JrZAtyk3LwiiAWLW0kwz41XZJC.jpg,"[12, 14, 28]",122,en,The Lord of the Rings: The Return of the King,"As armies mass for a final battle that will decide the fate of the world--and powerful, ancient forces of Light and Dark compete to determine the outcome--one member of the Fellowship of the Ring is revealed as the noble heir to the throne of the Kings of Men. Yet, the sole hope for triumph over evil lies with a brave hobbit, Frodo, who, accompanied by his loyal friend Sam and the hideous, wretched Gollum, ventures deep into the very dark heart of Mordor on his seemingly impossible quest to destroy the Ring of Power.​",195.079,/rCzpDGLbOoPwLjy3OAm5NUPOTrC.jpg,2003-12-17,The Lord of the Rings: The Return of the King,False,8.482,24261
False,/9iRRfMZbnpgHDdKi2lczGGYZXDo.jpg,"[12, 10751, 14]",411,en,"The Chronicles of Narnia: The Lion, the Witch and the Wardrobe","Siblings Lucy, Edmund, Susan and Peter step through a magical wardrobe and find the land of Narnia. There, they discover a charming, once peaceful kingdom that has been plunged into eternal winter by the evil White Witch, Jadis. Aided by the wise and magnificent lion, Aslan, the children lead Narnia into a spectacular, climactic battle to be free of the Witch's glacial powers forever.",194.434,/iREd0rNCjYdf5Ar0vfaW32yrkm.jpg,2005-12-07,"The Chronicles of Narnia: The Lion, the Witch and the Wardrobe",False,7.135,10615
False,/4mN2sHsGBR7NEQaUU34S6VAnj97.jpg,"[28, 53, 80]",1147710,ko,하이재킹,"Pilots Tae-in and Gyu-sik are set to fly to Gimpo. Under the guidance of flight attendant Ok-soon, passengers are busy boarding. However, shortly after takeoff, a homemade bomb explodes, turning the cabin into chaos.",192.881,/68jNkFi61MQjrJEqj2up5wZ4w5R.jpg,2024-06-21,Hijack 1971,False,6.3,78
False,/xOMo8BRK7PfcJv9JCnx7s5hj0PX.jpg,"[878, 12]",693134,en,Dune: Part Two,"Follow the mythic journey of Paul Atreides as he unites with Chani and the Fremen while on a path of revenge against the conspirators who destroyed his family. Facing a choice between the love of his life and the fate of the known universe, Paul endeavors to prevent a terrible future only he can foresee.",192.713,/6izwz7rsy95ARzTR3poZ8H6c5pp.jpg,2024-02-27,Dune: Part Two,False,8.151,5673
False,/2vFuG6bWGyQUzYS9d69E5l85nIz.jpg,"[878, 12, 28]",667538,en,Transformers: Rise of the Beasts,"When a new threat capable of destroying the entire planet emerges, Optimus Prime and the Autobots must team up with a powerful faction known as the Maximals. With the fate of humanity hanging in the balance, humans Noah and Elena will do whatever it takes to help the Transformers as they engage in the ultimate battle to save Earth.",190.939,/gPbM0MK8CP8A174rmUwGsADNYKD.jpg,2023-06-06,Transformers: Rise of the Beasts,False,7.291,4621
False,/6A8fEqGNUQ9ZiGcHslZGYzAQNJ7.jpg,[27],1340602,es,Las tías,"A mother enters an old home for her autistic daughter's therapy. Unexpectedly, the daughter start speaking but has encountered dark entities from the past seeking payback. The family faces supernatural forces related to the home's history.",187.313,/nqheYwq7SyKB5ST7igAia8gqroK.jpg,2024-08-28,Las tías,False,6.7,6
False,/mDfJG3LC3Dqb67AZ52x3Z0jU0uB.jpg,"[12, 28, 878]",299536,en,Avengers: Infinity War,"As the Avengers and their allies have continued to protect the world from threats too large for any one hero to handle, a new danger has emerged from the cosmic shadows: Thanos. A despot of intergalactic infamy, his goal is to collect all six Infinity Stones, artifacts of unimaginable power, and use them to inflict his twisted will on all of reality. Everything the Avengers have fought for has led up to this moment - the fate of Earth and existence itself has never been more uncertain.",186.365,/7WsyChQLEftFiDOVTGkv3hFpyyt.jpg,2018-04-25,Avengers: Infinity War,False,8.243,29770
False,/rI9Mh0Q0XAtqTiSgKI0M2fflO1X.jpg,"[16, 35]",1329336,en,The Bad Guys: Haunted Heist,The crafty Bad Guys crew embarks on a high-stakes Halloween heist to swipe a priceless amulet from a spooky mansion. What could go wrong?,185.843,/oEJC05CqPugMxC4rFu9r6r6vg6m.jpg,2024-10-02,The Bad Guys: Haunted Heist,False,7.2,90
False,/oOv2oUXcAaNXakRqUPxYq5lJURz.jpg,"[18, 28, 80, 53]",155,en,The Dark Knight,"Batman raises the stakes in his war on crime. With the help of Lt. Jim Gordon and District Attorney Harvey Dent, Batman sets out to dismantle the remaining criminal organizations that plague the streets. The partnership proves to be effective, but they soon find themselves prey to a reign of chaos unleashed by a rising criminal mastermind known to the terrified citizens of Gotham as the Joker.",184.002,/qJ2tW6WMUDux911r6m7haRef0WH.jpg,2008-07-16,The Dark Knight,False,8.516,32952
False,/x2RS3uTcsJJ9IfjNPcgDmukoEcQ.jpg,"[12, 14, 28]",120,en,The Lord of the Rings: The Fellowship of the Ring,"Young hobbit Frodo Baggins, after inheriting a mysterious ring from his uncle Bilbo, must leave his home in order to keep it from falling into the hands of its evil creator. Along the way, a fellowship is formed to protect the ringbearer and make sure that the ring arrives at its final destination: Mt. Doom, the only place where it can be destroyed.",182.668,/6oom5QYQ2yQTMJIbnvbkBL9cHo6.jpg,2001-12-18,The Lord of the Rings: The Fellowship of the Ring,False,8.416,25220
False,/ehumsuIBbgAe1hg343oszCLrAfI.jpg,"[16, 10751, 14, 12]",1022796,en,Wish,"Asha, a sharp-witted idealist, makes a wish so powerful that it is answered by a cosmic force – a little ball of boundless energy called Star. Together, Asha and Star confront a most formidable foe - the ruler of Rosas, King Magnifico - to save her community and prove that when the will of one courageous human connects with the magic of the stars, wondrous things can happen.",182.613,/vgJZSqKMXWDDx09iSIStGKfHMku.jpg,2023-11-13,Wish,False,6.3,1462
False,/kVd3a9YeLGkoeR50jGEXM6EqseS.jpg,"[16, 28, 12, 878]",569094,en,Spider-Man: Across the Spider-Verse,"After reuniting with Gwen Stacy, Brooklyn’s full-time, friendly neighborhood Spider-Man is catapulted across the Multiverse, where he encounters the Spider Society, a team of Spider-People charged with protecting the Multiverse’s very existence. But when the heroes clash on how to handle a new threat, Miles finds himself pitted against the other Spiders and must set out on his own to save those he loves most.",182.092,/8Vt6mWEReuy4Of61Lnj5Xj704m8.jpg,2023-05-31,Spider-Man: Across the Spider-Verse,False,8.355,7018
False,/pcjWAV4Iw7sl3dpV1dfIoxbbTuu.jpg,"[878, 27, 53]",1140648,en,Double Blind,"After an experimental drug trial goes awry, the test subjects face a terrifying side effect: if you fall asleep you die. Trapped in an isolated facility, panic ensues as they try to escape and somehow stay awake.",179.619,/dGKQ4nPA5WDVbq2KdXkGpohEC7Y.jpg,2024-02-09,Double Blind,False,5.8,80
False,/6XjMwQTvnICBz6TguiDKkDVHvgS.jpg,"[27, 878, 53]",762441,en,A Quiet Place: Day One,"As New York City is invaded by alien creatures who hunt by sound, a woman named Sam fights to survive with her cat.",177.578,/hU42CRk14JuPEdqZG3AWmagiPAP.jpg,2024-06-26,A Quiet Place: Day One,False,6.792,2168
False,/en3GU5uGkKaYmSyetHV4csHHiH3.jpg,"[10752, 28, 18]",929590,en,Civil War,"In the near future, a group of war journalists attempt to survive while reporting the truth as the United States stands on the brink of civil war.",177.515,/sh7Rg8Er3tFcN9BpKIPOMvALgZd.jpg,2024-04-10,Civil War,False,6.9,2848
False,/l8OyAXEp5FKZWmDhqJMbiwAEvz.jpg,"[27, 18]",814889,en,Never Let Go,"As an evil takes over the world beyond their front doorstep, the only protection for a mother and her twin sons is their house and their family’s protective bond.",177.477,/3EpZ2ksjijmdr8BhISP03PYzNFW.jpg,2024-09-18,Never Let Go,False,6.3,244
False,/zD5v1E4joAzFvmAEytt7fM3ivyT.jpg,"[28, 12, 878]",634649,en,Spider-Man: No Way Home,"Peter Parker is unmasked and no longer able to separate his normal life from the high-stakes of being a super-hero. When he asks for help from Doctor Strange the stakes become even more dangerous, forcing him to discover what it truly means to be Spider-Man.",177.292,/1g0dhYtq4irTY1GPXvft6k4YLjm.jpg,2021-12-15,Spider-Man: No Way Home,False,7.955,20159
False,/bEJyUUygNSLhe4BPykEHf3hPnsh.jpg,"[28, 53]",1145491,en,Operation Black Ops,"A group of mercenaries are hired to overthrow a Neo-Nazi stronghold nestled deep in the heart of Texas, only to discover they are protecting nuclear codes that could ignite World War III.",177.244,/vMgkjQM2fHirExilsTZWJTqL33G.jpg,2023-07-11,Operation Black Ops,False,5.6,39
False,/keC82cQ8q0ZHthrbvzWq04kGnbv.jpg,"[80, 28, 53]",857598,te,పుష్పా 2 - The Rule,"Pushpa struggles to sustain his sandalwood smuggling business in the face of tough opposition from the police, led by Shekhawat.",176.63,/ng47E4sph3ykXL5GDUG3kLEXbiB.jpg,2024-12-04,Pushpa 2 - The Rule,False,6.4,5
False,/bAO9hLGRWOJMUFXmKwa4kST6I5N.jpg,"[28, 35, 80]",616446,en,Brothers,"A reformed criminal's attempt at going straight is derailed when he reunites with his sanity-testing twin brother on a road trip for the score of a lifetime. Dodging bullets, the law, and an overbearing mother along the way, they must heal their severed family bond before they end up killing each other.",176.084,/Akweo95FGyDpucYVT81h0SbX8Ky.jpg,2024-10-10,Brothers,False,6.0,202
False,/hlfu6g0h0D65SjkVhQBU20zePTl.jpg,"[28, 12, 14, 16]",1357633,ja,俺だけレベルアップな件 -ReAwakening-,"Over a decade after 'gates' connecting worlds appeared, awakening 'hunters' with superpowers, weakest hunter Sung Jinwoo encounters a double dungeon and accepts a mysterious quest, becoming the only one able to level up, changing his fate. A catch-up recap of the first season coupled with an exclusive sneak peek of the first two episodes of the highly anticipated second season in one momentous theatrical fan experience.",176.016,/uzHMp5heVLR68kbbUEXFPsmxYsM.jpg,2024-11-26,Solo Leveling -ReAwakening-,False,7.5,3
False,/v23fWgJUEt8EMmvn19btIacxP8E.jpg,"[10749, 14, 16]",3933,en,Corpse Bride,"In a 19th-century European village, a young man about to be married is whisked away to the underworld and wed to a mysterious corpse bride, while his real bride waits bereft in the land of the living.",175.207,/isb2Qow76GpqYmsSyfdMfsYAjts.jpg,2005-09-12,Corpse Bride,False,7.6,9306
False,/mKOBdgaEFguADkJhfFslY7TYxIh.jpg,"[28, 878, 35]",365177,en,Borderlands,"Returning to her home planet, an infamous bounty hunter forms an unexpected alliance with a team of unlikely heroes. Together, they battle monsters and dangerous bandits to protect a young girl who holds the key to unimaginable power.",173.944,/3NPUQ6Ywayb5ES2IP1HWrDRt1Gc.jpg,2024-08-07,Borderlands,False,5.8,838
False,/56zyPe0upEjmOOUHsid42wcYg9K.jpg,"[12, 14, 9648, 27]",928480,en,Monster Summer,"When a mysterious force begins to disrupt their big summer fun, Noah and his friends team up with a retired police detective to embark on a monstrous adventure to save their island.",172.739,/zD2UZkh0DwbDEMuOKIR7jgwgulZ.jpg,2024-10-04,Monster Summer,False,6.5,39
False,/7I6VUdPj6tQECNHdviJkUHD2u89.jpg,"[28, 53, 80]",603692,en,John Wick: Chapter 4,"With the price on his head ever increasing, John Wick uncovers a path to defeating The High Table. But before he can earn his freedom, Wick must face off against a new enemy with powerful alliances across the globe and forces that turn old friends into foes.",172.025,/vZloFAK7NmvMGKE7VkF5UHaz0I.jpg,2023-03-22,John Wick: Chapter 4,False,7.7,6554
False,/UJje4GZglCtC8ZtYY8T4jj1RHm.jpg,"[18, 10749]",72808,it,La carne,"A beautiful film which is basically about a man, a piano player, who meets and falls in love with a beautiful and voluptuous woman, who, by some strange procedure, leaves the man unable to move but with a permanent priapism! After some time he becomes sick of it and she relieves his paralysis. Eventually she gets bored and decides to leave, but he can't take it because he loves her…",171.21,/quhlqvkeRZN6tZrDSfJ41en6CDs.jpg,1991-05-09,The Flesh,False,5.3,47
False,/tmU7GeKVybMWFButWEGl2M4GeiP.jpg,"[18, 80]",238,en,The Godfather,"Spanning the years 1945 to 1955, a chronicle of the fictional Italian-American Corleone crime family. When organized crime family patriarch, Vito Corleone barely survives an attempt on his life, his youngest son, Michael steps in to take care of the would-be killers, launching a campaign of bloody revenge.",170.95,/3bhkrj58Vtu7enYsRolD1fZdja1.jpg,1972-03-14,The Godfather,False,8.689,20673
False,/kMZIMqEXO5MFd5Y1Ha2jZZF4pvF.jpg,"[27, 9648]",882598,en,Smile,"After witnessing a bizarre, traumatic incident involving a patient, Dr. Rose Cotter starts experiencing frightening occurrences that she can't explain.",170.224,/aPqcQwu4VGEewPhagWNncDbJ9Xp.jpg,2022-09-23,Smile,False,6.665,3279
False,/p4INKu77iuTG1o1a5N3Y9vqeEGq.jpg,"[27, 53]",1079485,en,Winnie-the-Pooh: Blood and Honey 2,"Five months following the murders, Christopher Robin struggles to maintain a regular life while dealing with PTSD. However, deep within the 100-Acre-Wood, a destructive rage grows as Pooh, Piglet, Owl, and Tigger find their home and their lives endangered after their existence is revealed.",170.115,/2sADrLwMQof6yYmrJRSa04tFZuS.jpg,2024-03-26,Winnie-the-Pooh: Blood and Honey 2,False,6.141,284
False,/n3JeGELHa9V6k9mL81ItMxWLSS6.jpg,"[28, 53, 27]",1129598,en,Prey,A young couple is compelled to leave their Christian missionary station in the Kalahari Desert after being threatened with death by an extremist militant gang. After crashing their aircraft they must battle man and beast for their lives.,169.827,/aOsPclgSiOqhndI2Xp2ksz2g9n6.jpg,2024-03-15,Prey,False,6.292,283
False,/vHJlbhsXrZ5yrO2KqCbGSIU6fRX.jpg,"[28, 9648, 878, 53]",198663,en,The Maze Runner,"Set in a post-apocalyptic world, young Thomas is deposited in a community of boys after his memory is erased, soon learning they're all trapped in a maze that will require him to join forces with fellow “runners” for a shot at escape.",169.214,/ode14q7WtDugFDp78fo9lCsmay9.jpg,2014-09-10,The Maze Runner,False,7.189,16985
False,/tC78Pck2YCsUAtEdZwuHYUFYtOj.jpg,"[28, 53, 80]",926393,en,The Equalizer 3,"Robert McCall finds himself at home in Southern Italy but he discovers his friends are under the control of local crime bosses. As events turn deadly, McCall knows what he has to do: become his friends' protector by taking on the mafia.",167.866,/b0Ej6fnXAP8fK75hlyi2jKqdhHz.jpg,2023-08-30,The Equalizer 3,False,7.3,2976
False,/iYLKMV7PIBtFmtygRrhSiyzcVsF.jpg,"[12, 35, 10751, 16]",277834,en,Moana,"In Ancient Polynesia, when a terrible curse incurred by Maui reaches an impetuous Chieftain's daughter's island, she answers the Ocean's call to seek out the demigod to set things right.",166.701,/9tzN8sPbyod2dsa0lwuvrwBDWra.jpg,2016-10-13,Moana,False,7.568,12496
False,/7aPrv2HFssWcOtpig5G3HEVk3uS.jpg,"[53, 28]",718821,en,Twisters,"As storm season intensifies, the paths of former storm chaser Kate Carter and reckless social-media superstar Tyler Owens collide when terrifying phenomena never seen before are unleashed. The pair and their competing teams find themselves squarely in the paths of multiple storm systems converging over central Oklahoma in the fight of their lives.",166.613,/pjnD08FlMAIXsfOLKQbvmO0f0MD.jpg,2024-07-10,Twisters,False,6.935,1894
False,/m7SBIIL6Y6Df6a8oqWwHzWLzo80.jpg,"[28, 12, 10751, 35]",675353,en,Sonic the Hedgehog 2,"After settling in Green Hills, Sonic is eager to prove he has what it takes to be a true hero. His test comes when Dr. Robotnik returns, this time with a new partner, Knuckles, in search for an emerald that has the power to destroy civilizations. Sonic teams up with his own sidekick, Tails, and together they embark on a globe-trotting journey to find the emerald before it falls into the wrong hands.",166.539,/6DrHO1jr3qVrViUO6s6kFiAGM7.jpg,2022-03-30,Sonic the Hedgehog 2,False,7.499,4998
False,/z7eV3zAAfQ4XVyKd61ymywZaSB3.jpg,"[27, 53, 18]",1288998,es,1978,"During the World Cup final between Argentina and Holland, in times of military dictatorship, a group of torturers kidnap a group of young people. What begins as an inhumane interrogation turns into hell: the wrong group has been kidnapped.",164.08,/zn7oyy7KTlC01XD3pUn82V9Od0P.jpg,2024-10-16,1978,False,7.2,4
False,/jgySLjw9ZDKbnGf0VlhlHT7iHSi.jpg,"[9648, 53]",936245,ko,히든페이스,"Su-yeon, a cellist in an orchestra led by her fiancé and conductor Sung-jin, disappears one day, leaving behind only a video recording. Sung-jin is devastated over the loss of Su-yeon, but feels a strong attraction to Mi-ju, a cellist who fills in for his fiancée. Then one rainy night, Sung-jin and Mi-ju get swept away by their mutual desires for each other and commit an unforgivable act at Su-yeon’s house. Meanwhile, Su-yeon, who is thought to have gone missing, remains trapped in a secret room inside her house, and watches the naked truth unravel before her.",163.014,/kjLbzQVkQovLpUt4rXiFY2Lv4qM.jpg,2024-11-20,Hidden Face,False,2.5,1
False,/1fL2S8LKxCVE9KoPRBXeagmBtex.jpg,"[27, 53]",1114513,en,Speak No Evil,"When an American family is invited to spend the weekend at the idyllic country estate of a charming British family they befriended on vacation, what begins as a dream holiday soon warps into a snarled psychological nightmare.",162.684,/fDtkrO2OAF8LKQTdzYmu1Y7lCLB.jpg,2024-09-11,Speak No Evil,False,7.333,998
False,/mgY8An5qVCgLh97KOWeJVJarskL.jpg,"[18, 10749, 53]",216015,en,Fifty Shades of Grey,"When college senior Anastasia Steele steps in for her sick roommate to interview prominent businessman Christian Grey for their campus paper, little does she realize the path her life will take. Christian, as enigmatic as he is rich and powerful, finds himself strangely drawn to Ana, and she to him. Though sexually inexperienced, Ana plunges headlong into an affair -- and learns that Christian's true sexual proclivities push the boundaries of pain and pleasure.",161.455,/63kGofUkt1Mx0SIL4XI4Z5AoSgt.jpg,2015-02-11,Fifty Shades of Grey,False,5.884,11746
False,/8jujdLr4OAQoWGgfNmaE4RR0mqb.jpg,"[10749, 35]",1104171,en,Meet Me Next Christmas,"On a quest to meet the man of her dreams, a hopeless romantic races across New York City to find a ticket to a sold-out Pentatonix Christmas concert.",159.856,/apsmOwNPOmx0QBArbRDS9r64vF9.jpg,2024-11-05,Meet Me Next Christmas,False,6.4,144
False,/9n2tJBplPbgR2ca05hS5CKXwP2c.jpg,"[16, 10751, 12, 14, 35]",502356,en,The Super Mario Bros. Movie,"While working underground to fix a water main, Brooklyn plumbers—and brothers—Mario and Luigi are transported down a mysterious pipe and wander into a magical new world. But when the brothers are separated, Mario embarks on an epic quest to find Luigi.",158.821,/qNBAXBIQlnOThrVvA6mA2B5ggV6.jpg,2023-04-05,The Super Mario Bros. Movie,False,7.642,9182
False,/8rpDcsfLJypbO6vREc0547VKqEv.jpg,"[878, 12, 28]",76600,en,Avatar: The Way of Water,"Set more than a decade after the events of the first film, learn the story of the Sully family (Jake, Neytiri, and their kids), the trouble that follows them, the lengths they go to keep each other safe, the battles they fight to stay alive, and the tragedies they endure.",158.004,/t6HIqrRAclMCA60NsSmeqe9RmNV.jpg,2022-12-14,Avatar: The Way of Water,False,7.62,11946
False,/3C3LTPEdkH0la3LMbCEgMXzMHlh.jpg,"[80, 53, 28]",1047373,en,The Silent Hour,"While working a case as an interpreter, a hearing-impaired police detective must confront a group of criminals trying to eliminate a deaf murder witness in her apartment building.",157.78,/j736cRzBtEPCm0nHnpRN1prqiqj.jpg,2024-10-03,The Silent Hour,False,6.3,66
False,/iPHsjvbFyGbeCEDC7u8Ib8U1zS6.jpg,"[35, 18]",947891,en,My Old Ass,"An 18th birthday mushroom trip brings free-spirited Elliott face-to-face with her wisecracking 39-year-old self. But when Elliott’s ""old ass"" starts handing out warnings about what her younger self should and shouldn't do, Elliott realizes she has to rethink everything about family, love, and what's becoming a transformative summer.",157.41,/yUs4Sw9AyTg2sA1qWBkNpD2mGSj.jpg,2024-09-13,My Old Ass,False,6.8,154
False,/vhbXuEonV3wc8k48qhucWrx49Fv.jpg,"[16, 35, 10751, 14]",269509,en,The Canterville Ghost,"An American family moves in to the Canterville Chase, a London mansion that has been haunted by ghost Sir Simon De Canterville for 300 years.",156.959,/dFu8oHN805ZRzpQZNOjkiLzMbep.jpg,2023-09-22,The Canterville Ghost,False,6.3,27
False,/hdFIdXwS8FSN2wIsuotjW1mshI0.jpg,"[16, 35, 12, 10751]",831815,en,Saving Bikini Bottom: The Sandy Cheeks Movie,"When Bikini Bottom is scooped from the ocean, scientific squirrel Sandy Cheeks and her pal SpongeBob SquarePants saddle up for Texas to save their town.",154.642,/30YnfZdMNIV7noWLdvmcJS0cbnQ.jpg,2024-10-18,Saving Bikini Bottom: The Sandy Cheeks Movie,False,6.3,43
False,/naNXYdBzTEb1KwOdi1RbBkM9Zv1.jpg,"[27, 53]",420634,en,Terrifier,A maniacal clown named Art terrorizes three young women on Halloween night and everyone else who stands in his way.,154.506,/sFaPj5UyIAsiRuIgVl60pCYUzmR.jpg,2018-01-25,Terrifier,False,6.4,2502
False,/pAT3Ie1lxxGBJn0USyxcUgBjw76.jpg,[18],1214484,sv,Släpp taget,A jaded mother makes a last-ditch effort to keep her family together by taking them on a trip to their teenage daughter’s pole dancing competition.,153.958,/hIJRqqAaMUtQ13mZL6lCE6myhXH.jpg,2024-11-01,Let Go,False,7.961,220
False,/z7noaCJ4KtmhwHw7QcNtnMMo4Qy.jpg,"[28, 53, 80]",345887,en,The Equalizer 2,"Robert McCall, who serves an unflinching justice for the exploited and oppressed, embarks on a relentless, globe-trotting quest for vengeance when his former partner is murdered.",153.435,/cQvc9N6JiMVKqol3wcYrGshsIdZ.jpg,2018-07-19,The Equalizer 2,False,6.8,5334
False,/5VYqB2T9L0WetvN9Bxk3Wg4vKoJ.jpg,"[27, 9648]",1328814,en,Amityville: Where the Echo Lives,"When paranormal investigator Heather West receives a call from a terrified woman who claims her house is inhabited by a ghost, she discovers the building has a horrifying history. After a presence from beyond our world reaches out to her, Heather begins to feel a pull to the other side of the spirit plane. Can this hunter of specters deliver an innocent soul to a place of peace and discover an eternal truth in time to save her own life?",151.669,/jqhAgE9ceTX8f9xTcqBlmXSuMG3.jpg,2024-10-28,Amityville: Where the Echo Lives,False,6.3,8
False,/nA0RDmSDqpN5tLun4sCqdPekObD.jpg,"[878, 18]",592831,en,Megalopolis,"Genius artist Cesar Catilina seeks to leap the City of New Rome into a utopian, idealistic future, while his opposition, Mayor Franklyn Cicero, remains committed to a regressive status quo, perpetuating greed, special interests, and partisan warfare. Torn between them is socialite Julia Cicero, the mayor’s daughter, whose love for Cesar has divided her loyalties, forcing her to discover what she truly believes humanity deserves.",151.639,/8Sok3HNA3r1GHnK2lCytHyBz1A.jpg,2024-09-25,Megalopolis,False,5.5,482
False,/AaV1YIdWKnjAIAOe8UUKBFm327v.jpg,"[28, 18]",361743,en,Top Gun: Maverick,"After more than thirty years of service as one of the Navy’s top aviators, and dodging the advancement in rank that would ground him, Pete “Maverick” Mitchell finds himself training a detachment of TOP GUN graduates for a specialized mission the likes of which no living pilot has ever seen.",151.522,/62HCnUTziyWcpDaBO2i1DX17ljH.jpg,2022-05-21,Top Gun: Maverick,False,8.198,9235
False,/dn3gbDpXPSwC6saMJOHkCiFA9jn.jpg,"[14, 12, 10751, 35]",974262,en,Descendants: The Rise of Red,"After the Queen of Hearts incites a coup on Auradon, her rebellious daughter Red and Cinderella's perfectionist daughter Chloe join forces and travel back in time to try to undo the traumatic event that set Red's mother down her villainous path.",150.128,/8fYluTtB3b3HKO7KQa5tzrvGaps.jpg,2024-07-11,Descendants: The Rise of Red,False,6.949,369
False,/xNNF4l1OVscJNchJc5xvejHzTDO.jpg,"[18, 10749]",370663,en,Below Her Mouth,An unexpected affair quickly escalates into a heart-stopping reality for two women whose passionate connection changes their lives forever.,149.959,/nTGbq37hYLuNy7YgMg0gVLma0NS.jpg,2017-02-10,Below Her Mouth,False,6.8,1181
False,/h9YlRHAZWOWtGonllmj6JJg1FrE.jpg,"[28, 12, 16, 10751, 14]",588648,zh,Dragonkeeper,"Set in Han Imperial China, the plot follows the adventures of enslaved girl Ping with ancient dragon Long Danzi. Dragons had been banished from the kingdom. Ping, an orphan, finds one of the last remaining dragon eggs. Palace guards force Ping to run away in order to return the dragon egg to the ocean and save all dragons from extinction. Ping discovers that she is a true Dragonkeeper.",149.453,/ggZGnJLzO3BTu7ysuuIzou3Oex5.jpg,2024-04-11,Dragonkeeper,False,7.6,146
False,/4MCKNAc6AbWjEsM2h9Xc29owo4z.jpg,"[80, 28, 53]",866398,en,The Beekeeper,One man's campaign for vengeance takes on national stakes after he is revealed to be a former operative of a powerful and clandestine organization known as Beekeepers.,149.15,/A7EByudX0eOzlkQ2FIbogzyazm2.jpg,2024-01-08,The Beekeeper,False,7.349,3107
False,/yHzyPJrVqlTySQ9mc379yxrLBYQ.jpg,"[12, 14]",672,en,Harry Potter and the Chamber of Secrets,"Cars fly, trees fight back, and a mysterious house-elf comes to warn Harry Potter at the start of his second year at Hogwarts. Adventure and danger await when bloody writing on a wall announces: The Chamber Of Secrets Has Been Opened. To save Hogwarts will require all of Harry, Ron and Hermione’s magical abilities and courage.",149.116,/sdEOH0992YZ0QSxgXNIGLq1ToUi.jpg,2002-11-13,Harry Potter and the Chamber of Secrets,False,7.716,21965
False,,"[18, 10749]",1149913,id,TOGEFILM - Mei Mei,,148.418,/mCJ6shuScPnCh2CS68sPMxGH4UP.jpg,2023-04-06,TOGEFILM - Mei Mei,False,10.0,1
False,/oBmwaZ3NVa3JyZnv1qCo0znxjUw.jpg,"[80, 27, 53]",1029281,en,Strange Darling,Nothing is what it seems when a twisted one-night stand spirals into a serial killer’s vicious murder spree.,147.587,/kWNCRgt3ocv19bYO0sk7TRuZuFY.jpg,2024-08-22,Strange Darling,False,7.0,256
False,/j29ekbcLpBvxnGk6LjdTc2EI5SA.jpg,"[16, 10751, 12, 18, 35]",150540,en,Inside Out,"When 11-year-old Riley moves to a new city, her Emotions team up to help her through the transition. Joy, Fear, Anger, Disgust and Sadness work together, but when Joy and Sadness get lost, they must journey through unfamiliar places to get back home.",145.859,/2H1TmgdfNtsKlU9jKdeNyYL5y8T.jpg,2015-06-17,Inside Out,False,7.912,21979
False,/y8Mabq84N0d5fm83CWb9Zkltkwr.jpg,"[16, 12, 10751, 14]",5255,en,The Polar Express,"When a doubting young boy takes an extraordinary train ride to the North Pole, he embarks on a journey of self-discovery that shows him that the wonder of life never fades for those who believe.",145.503,/eOoCzH0MqeGr2taUZO4SwG416PF.jpg,2004-11-10,The Polar Express,False,6.7,6269
False,/kdbLf3aTQsEXqYlH9vA4fzmnSFz.jpg,"[10752, 18, 28]",228150,en,Fury,"In the last months of World War II, as the Allies make their final push in the European theatre, a battle-hardened U.S. Army sergeant named 'Wardaddy' commands a Sherman tank called 'Fury' and its five-man crew on a deadly mission behind enemy lines. Outnumbered and outgunned, Wardaddy and his men face overwhelming odds in their heroic attempts to strike at the heart of Nazi Germany.",145.345,/pfte7wdMobMF4CVHuOxyu6oqeeA.jpg,2014-10-15,Fury,False,7.539,11923
False,/bpePOhe9aLg8v7eiTN5sHD02JES.jpg,"[18, 10770]",45890,it,Moana,"The life story of Italian iconic pornographic actress Moana Pozzi. The actress Ilona Staller sued the production of the film for the unauthorized use of the character ""Cicciolina"", of which she owned the rights.",145.078,/nEDFaNVqmLl2UeUYvvkKDSge5Ed.jpg,2009-11-01,Moana,False,6.8,22
False,/cRdA9xjHBbobw4LJFsQ3j1CgpVq.jpg,"[27, 53]",663712,en,Terrifier 2,"A year after the Miles County massacre, Art the Clown is resurrected by a sinister entity. Art returns home, where he must hunt down and destroy teenage Sienna and her younger brother Jonathan on Halloween. As the body count rises, the siblings fight to stay alive while uncovering the true nature of Art's evil intent.",144.934,/8gLhu8UFPZfH2Hv11JhTZkb9CVl.jpg,2022-10-06,Terrifier 2,False,6.8,2085
False,/zQKFPx03M9RKfEcRETXR2HoUZn1.jpg,[10749],587727,ko,가슴 큰 여자친구,"Mincheol and Suhee go to greet Minchul father (grandmother) before marriage. Dae - sik welcomes her daughter - in - law, Su - hee. But before marriage, Minchol and Suhee are separated by the difference in personality. Soon-hee, who was only preparing for marriage, is soon to live.",144.787,/f6PfAXtFEkJRcBtOjbzOgz8qqSK.jpg,2019-03-08,Busty Girlfriend,False,7.5,14
False,/yOm993lsJyPmBodlYjgpPwBjXP9.jpg,"[35, 10751, 14]",787699,en,Wonka,"Willy Wonka – chock-full of ideas and determined to change the world one delectable bite at a time – is proof that the best things in life begin with a dream, and if you’re lucky enough to meet Willy Wonka, anything is possible.",144.038,/qhb1qOilapbapxWQn9jtRCMwXJF.jpg,2023-12-06,Wonka,False,7.1,3524
False,/ctMserH8g2SeOAnCw5gFjdQF8mo.jpg,"[35, 12]",346698,en,Barbie,"Barbie and Ken are having the time of their lives in the colorful and seemingly perfect world of Barbie Land. However, when they get a chance to go to the real world, they soon discover the joys and perils of living among humans.",144.031,/iuFNMS8U5cb6xfzi51Dbkovj7vM.jpg,2023-07-19,Barbie,False,7.004,9188
False,/fm6KqXpk3M2HVveHwCrBSSBaO0V.jpg,"[18, 36]",872585,en,Oppenheimer,The story of J. Robert Oppenheimer's role in the development of the atomic bomb during World War II.,142.999,/8Gxv8gSFCU0XGDykEGv7zR1n2ua.jpg,2023-07-19,Oppenheimer,False,8.08,9338
False,/tupgjqhWx5oieQrdyesO3aclUX9.jpg,"[18, 10749]",597,en,Titanic,"101-year-old Rose DeWitt Bukater tells the story of her life aboard the Titanic, 84 years later. A young Rose boards the ship with her mother and fiancé. Meanwhile, Jack Dawson and Fabrizio De Rossi win third-class tickets aboard the ship. Rose tells the whole story from Titanic's departure through to its death—on its first and last voyage—on April 15, 1912.",142.939,/9xjZS2rlVxm8SFx8kPC3aIGCOYQ.jpg,1997-11-18,Titanic,False,7.906,25348
False,/kRAlzWh5JerOy7lfm9k3vGlBlV2.jpg,"[27, 53, 35]",1225977,en,Last Night at Terrace Lanes,"When a bloodthirsty cult invades a bowling alley on its final night of operation, a high schooler on a date from hell, must join forces with her survivalist dad to fend off the crazed murderers.",142.203,/2yxKZFOVIcNSXqABn9KqGHlBDHZ.jpg,2024-01-16,Last Night at Terrace Lanes,False,5.5,4
False,/jr8tSoJGj33XLgFBy6lmZhpGQNu.jpg,"[16, 12, 14, 35, 10751]",315162,en,Puss in Boots: The Last Wish,"Puss in Boots discovers that his passion for adventure has taken its toll: He has burned through eight of his nine lives, leaving him with only one life left. Puss sets out on an epic journey to find the mythical Last Wish and restore his nine lives.",141.564,/kuf6dutpsT0vSVehic3EZIqkOBt.jpg,2022-12-07,Puss in Boots: The Last Wish,False,8.22,7796
False,/5MnP0h7RcUCeX7gpxMYoMScmfq7.jpg,"[14, 28, 12, 16, 35, 10751]",82702,en,How to Train Your Dragon 2,"Five years have passed since Hiccup and Toothless united the dragons and Vikings of Berk. Now, they spend their time charting unmapped territories. During one of their adventures, the pair discover a secret cave that houses hundreds of wild dragons -- and a mysterious dragon rider who turns out to be Hiccup's mother, Valka. Hiccup and Toothless then find themselves at the center of a battle to protect Berk from a power-hungry warrior named Drago.",141.53,/d13Uj86LdbDLrfDoHR5aDOFYyJC.jpg,2014-06-05,How to Train Your Dragon 2,False,7.675,9563
False,/9juRmk8QjcsUcbrevVu5t8VZy5G.jpg,"[28, 12, 80, 53]",923667,cn,九龍城寨之圍城,"In 1980s Hong Kong, troubled youth Chan Lok-kwun, a mainland refugee, struggles to survive in the Kowloon Walled City by joining underground fights. Betrayed by crime boss Mr. Big while trying to buy a fake ID, he steals drugs from him and seeks refuge in the Walled City, where he encounters Cyclone, a compassionate yet authoritative crime lord.",141.327,/h0tunBO4tMjvKVVG7fXqHgwOr5C.jpg,2024-04-23,Twilight of the Warriors: Walled In,False,6.9,250
False,/ze6Mx4QE5mQVXRYmG2flncqqle4.jpg,"[12, 14]",767,en,Harry Potter and the Half-Blood Prince,"As Lord Voldemort tightens his grip on both the Muggle and wizarding worlds, Hogwarts is no longer a safe haven. Harry suspects perils may even lie within the castle, but Dumbledore is more intent upon preparing him for the final battle fast approaching. Together they work to find the key to unlock Voldemorts defenses and to this end, Dumbledore recruits his old friend and colleague Horace Slughorn, whom he believes holds crucial information. Even as the decisive showdown looms, romance blossoms for Harry, Ron, Hermione and their classmates. Love is in the air, but danger lies ahead and Hogwarts may never be the same again.",141.051,/z7uo9zmQdQwU5ZJHFpv2Upl30i1.jpg,2009-07-15,Harry Potter and the Half-Blood Prince,False,7.689,19416
False,/r9oTasGQofvkQY5vlUXglneF64Z.jpg,"[28, 35]",1029575,en,The Family Plan,"Dan Morgan is many things: a devoted husband, a loving father, a celebrated car salesman. He's also a former assassin. And when his past catches up to his present, he's forced to take his unsuspecting family on a road trip unlike any other.",141.012,/jLLtx3nTRSLGPAKl4RoIv1FbEBr.jpg,2023-12-14,The Family Plan,False,7.3,1388
False,/jYEW5xZkZk2WTrdbMGAPFuBqbDc.jpg,"[878, 12]",438631,en,Dune,"Paul Atreides, a brilliant and gifted young man born into a great destiny beyond his understanding, must travel to the most dangerous planet in the universe to ensure the future of his family and his people. As malevolent forces explode into conflict over the planet's exclusive supply of the most precious resource in existence-a commodity capable of unlocking humanity's greatest potential-only those who can conquer their fear will survive.",140.433,/d5NXSklXo0qyIYkgV94XAgMIckC.jpg,2021-09-15,Dune,False,7.782,12746
False,/3W6ifzDqxINcxsZQypwupTPue8m.jpg,"[10749, 18, 35]",323260,cn,鴨王,"Fung looks like a super-heartthrob and was bon with a special endowment, making him the high school idol. He was expelled from school when he was caught fighting on campus. When his mom, the sole provider of his family with her poultry business, had to stop working due to her back problems, Fung decides to support his family financially. And from that moment, his life takes on a tumultuous change…",139.317,/v0YIyJc5EtAGciCZsvqsW2QPRAr.jpg,2015-01-29,The Gigolo,False,5.1,31
False,/6JiTVGdfPU2ki1tmTAYTt2kkw7m.jpg,[99],1290034,en,Defying Gravity: The Curtain Rises on Wicked,"A behind-the-scenes look at the highly-anticipated two-part film adaptation of the hit Broadway musical, featuring interviews with the cast and crew.",138.49,/7SBOaeKcPsvquHKhyKUN8gZ4tzo.jpg,2024-11-16,Defying Gravity: The Curtain Rises on Wicked,False,10.0,2
False,/htmYEfH7TQgzsXHCnNXxmoYKQtL.jpg,"[12, 14]",673,en,Harry Potter and the Prisoner of Azkaban,"Year three at Hogwarts means new fun and challenges as Harry learns the delicate art of approaching a Hippogriff, transforming shape-shifting Boggarts into hilarity and even turning back time. But the term also brings danger: soul-sucking Dementors hover over the school, an ally of the accursed He-Who-Cannot-Be-Named lurks within the castle walls, and fearsome wizard Sirius Black escapes Azkaban. And Harry will confront them all.",138.254,/aWxwnYoe8p2d2fcxOqtvAtJ72Rw.jpg,2004-05-31,Harry Potter and the Prisoner of Azkaban,False,8.016,21554
False,/askg3SMvhqEl4OL52YuvdtY40Yb.jpg,"[10751, 16, 10402, 12]",354912,en,Coco,"Despite his family’s baffling generations-old ban on music, Miguel dreams of becoming an accomplished musician like his idol, Ernesto de la Cruz. Desperate to prove his talent, Miguel finds himself in the stunning and colorful Land of the Dead following a mysterious chain of events. Along the way, he meets charming trickster Hector, and together, they set off on an extraordinary journey to unlock the real story behind Miguel's family history.",138.154,/gGEsBPAijhVUFoiNpgZXqRVWJt2.jpg,2017-10-27,Coco,False,8.209,19505
False,/4CmxmxgiFdTaNmsscochV9rBcnF.jpg,"[27, 53, 80]",1226578,en,Longlegs,"FBI Agent Lee Harker is a gifted new recruit assigned to the unsolved case of an elusive serial killer. As the case takes complex turns, unearthing evidence of the occult, Harker discovers a personal connection to the merciless killer and must race against time to stop him before he claims the lives of another innocent family.",138.094,/5aj8vVGFwGVbQQs26ywhg4Zxk2L.jpg,2024-07-10,Longlegs,False,6.6,1462
False,/g1z1ZvYKcmk9EnVOTYXR6vkNjkZ.jpg,"[14, 27, 28]",1087822,en,Hellboy: The Crooked Man,"Hellboy and a rookie BPRD agent get stranded in 1950s rural Appalachia. There, they discover a small community haunted by witches, led by a local devil with a troubling connection to Hellboy's past: the Crooked Man.",137.995,/iz2GabtToVB05gLTVSH7ZvFtsMM.jpg,2024-08-29,Hellboy: The Crooked Man,False,5.3,295
False,/70AV2Xx5FQYj20labp0EGdbjI6E.jpg,"[80, 28, 53]",637649,en,Wrath of Man,"A cold and mysterious new security guard for a Los Angeles cash truck company surprises his co-workers when he unleashes precision skills during a heist. The crew is left wondering who he is and where he came from. Soon, the marksman's ultimate motive becomes clear as he takes dramatic and irrevocable steps to settle a score.",137.921,/M7SUK85sKjaStg4TKhlAVyGlz3.jpg,2021-04-22,Wrath of Man,False,7.632,5291
False,/wW7Wt5bXzPy4VOEE4LTIUDyDgBo.jpg,"[12, 14, 28]",22,en,Pirates of the Caribbean: The Curse of the Black Pearl,"After Port Royal is attacked and pillaged by a mysterious pirate crew, capturing the governor's daughter Elizabeth Swann in the process, William Turner asks free-willing pirate Jack Sparrow to help him locate the crew's ship—The Black Pearl—so that he can rescue the woman he loves.",137.787,/poHwCZeWzJCShH7tOjg8RIoyjcw.jpg,2003-07-09,Pirates of the Caribbean: The Curse of the Black Pearl,False,7.806,20611
False,/u2bZhH3nTf0So0UIC1QxAqBvC07.jpg,"[16, 10751, 12, 14]",109445,en,Frozen,"Young princess Anna of Arendelle dreams about finding true love at her sister Elsa’s coronation. Fate takes her on a dangerous journey in an attempt to end the eternal winter that has fallen over the kingdom. She's accompanied by ice delivery man Kristoff, his reindeer Sven, and snowman Olaf. On an adventure where she will find out what friendship, courage, family, and true love really means.",133.743,/mbPrrbt8bSLcHSBCHnRclPlMZPl.jpg,2013-11-20,Frozen,False,7.245,16494
False,/64tinBsds1nVp4wOCgYhMbSgsRW.jpg,"[28, 18, 36]",1075676,ko,"전,란","In the Joseon Dynasty, two friends who grew up together — one the master and one the servant — reunite post-war as enemies on opposing sides.",133.197,/hg9OeaCRSpazrfqYyEFr6BDaZW8.jpg,2024-10-02,Uprising,False,7.1,108
False,/4gQzCQqqY6fsDU3gtz45tdGztJp.jpg,"[28, 53]",1154223,fr,Tigres et Hyènes,"Malik, a young Parisian hustler, discovers that his stepfather Serge, a famous bank robber, has been arrested along with his accomplices. During the trial, Iris, one of the accused's lawyers, Chérif, requests Malik to accept a dangerous heist in exchange for Serge and her client's liberty. Malik must convince and reunite Chérif's former partners to accomplish this high-risk stickup.",133.121,/vb6qzT0egUPHcmUwusPNl9j943p.jpg,2024-11-22,Hunting With Tigers,False,6.3,23
False,/zhoR3SwYxXyKzGwbz4DBgkyeFfv.jpg,"[10749, 18, 35]",1139566,es,A través de mi ventana 3: A través de tu mirada,"After the events of the summer, Ares and Raquel they don't see a way forward in their relationship and decide to go separate ways. But when they meet again in the winter in Barcelona, the love and desire they feel for each other is undeniable. Will they be able to find a way to get back together?",132.213,/gwpTgtwVAwmvivBN8rAQABpx9Am.jpg,2024-02-23,Through My Window 3: Looking at You,False,6.9,540
False,/p5kpFS0P3lIwzwzHBOULQovNWyj.jpg,"[53, 80]",1032823,en,Trap,"A father and teen daughter attend a pop concert, where they realize they're at the center of a dark and sinister event.",132.168,/jwoaKYVqPgYemFpaANL941EF94R.jpg,2024-07-31,Trap,False,6.4,1703
False,/xWT5F1DNxciNLEMXRl49iq8zvN7.jpg,"[14, 16, 10751]",9479,en,The Nightmare Before Christmas,"Tired of scaring humans every October 31 with the same old bag of tricks, Jack Skellington, the spindly king of Halloween Town, kidnaps Santa Claus and plans to deliver shrunken heads and other ghoulish gifts to children on Christmas morning. But as Christmas approaches, Jack's rag-doll girlfriend, Sally, tries to foil his misguided plans.",132.123,/oQffRNjK8e19rF7xVYEN8ew0j7b.jpg,1993-10-09,The Nightmare Before Christmas,False,7.841,9521
False,/4s2d3xdyqotiVNHTlTlJjrr3q0H.jpg,"[12, 10751, 16, 28, 35]",177572,en,Big Hero 6,"A special bond develops between plus-sized inflatable robot Baymax, and prodigy Hiro Hamada, who team up with a group of friends to form a band of high-tech heroes.",131.46,/2mxS4wUimwlLmI1xp6QW6NSU361.jpg,2014-10-24,Big Hero 6,False,7.732,15593
False,/bkENfmxUY3UYsRLizJAhF5IQPvS.jpg,"[28, 80, 53]",1025596,en,Blood for Dust,"Reckless Ricky makes serious money dealing illegal weapons throughout the tri-state area and loves to flaunt it. Traveling salesman Cliff, covers the same territory Ricky runs guns through. Desperate to find some financial relief for his struggling family, Cliff agrees to partner with Ricky, to commit cross-state drug and gun deliveries for a mid-level American cartel boss John. When a simple exchange turns into a bloodbath after Ricky kills everyone in a territory grab, the pair find themselves in a pressure cooker situation where unlikely drug dealer Cliff must fight as hard as he can to stay alive.",131.004,/nvaCnkl8RilLhVAQXPFei0tqkqW.jpg,2024-04-19,Blood for Dust,False,5.6,50
False,/iF9b95STc8hUbcoBon8QQBP5K6o.jpg,"[53, 18, 80]",1169361,tr,Meraklı Adamın 10 Günü,"When a young woman goes missing in Istanbul, a jaded writer gets tangled up in a deadly chain of events as he sets out to find her—and a good story.",130.864,/peUTdwuWWaQ6aBr20GnBn1Sr3Fe.jpg,2024-11-06,10 Days of a Curious Man,False,6.6,16
False,/8f9dnOtpArDrOMEylpSN9Sc6fuz.jpg,"[12, 14]",674,en,Harry Potter and the Goblet of Fire,"When Harry Potter's name emerges from the Goblet of Fire, he becomes a competitor in a grueling battle for glory among three wizarding schools—the Triwizard Tournament. But since Harry never submitted his name for the Tournament, who did? Now Harry must confront a deadly dragon, fierce water demons and an enchanted maze only to find himself in the cruel grasp of He Who Must Not Be Named.",130.795,/fECBtHlr0RB3foNHDiCBXeg9Bv9.jpg,2005-11-16,Harry Potter and the Goblet of Fire,False,7.808,20666
False,/k0hlAzTryCYX1O1LyC6P8tAa8s0.jpg,"[28, 12, 878]",102382,en,The Amazing Spider-Man 2,"For Peter Parker, life is busy. Between taking out the bad guys as Spider-Man and spending time with the person he loves, Gwen Stacy, high school graduation cannot come quickly enough. Peter has not forgotten about the promise he made to Gwen’s father to protect her by staying away, but that is a promise he cannot keep. Things will change for Peter when a new villain, Electro, emerges, an old friend, Harry Osborn, returns, and Peter uncovers new clues about his past.",130.777,/kV61FAIsRWZP6JhgWFOKug9RbBx.jpg,2014-04-16,The Amazing Spider-Man 2,False,6.512,13210
